Job_Title,Education_Level,Years_of_Experience,Location,Company_Size,Industry,Employment_Type,Remote_Work,Certification,University_Tier,Job_Level,Salary
Mobile Developer,Masters,7.7,Gurgaon,Small,Healthcare,Full-time,Yes,No,Tier 1,Junior,1427000.0
QA Engineer,PhD,5.1,Bangalore,Large,Finance,Full-time,Yes,No,Tier 3,Junior,1270000.0
Blockchain Developer,Bachelors,10.6,Bangalore,Large,Healthcare,Contract,Yes,Yes,Tier 3,Mid,1791000.0
Backend Developer,Bachelors,7.5,Mumbai,Large,Tech,Contract,No,No,Tier 2,Junior,1386000.0
Business Analyst,Bachelors,8.3,Delhi,Medium,Tech,Full-time,No,No,Tier 3,Senior,2712000.0
Machine Learning Engineer,Bachelors,5.4,Ahmedabad,Medium,Healthcare,Intern,Yes,No,Tier 1,Junior,934000.0
Blockchain Developer,Bachelors,5.5,Hyderabad,Large,Finance,Full-time,No,No,Tier 1,Mid,1702000.0
Product Manager,Bachelors,10.2,Chennai,Medium,Healthcare,Contract,No,No,Tier 3,Senior,2376000.0
Mobile Developer,Bachelors,3.9,Ahmedabad,Large,Finance,Contract,No,No,Tier 3,Senior,1518000.0
Cloud Architect,Masters,6.6,Coimbatore,Medium,Tech,Intern,Yes,Yes,Tier 1,Senior,3756000.0
DevOps Engineer,PhD,4.2,Mumbai,Small,Finance,Full-time,Yes,No,Tier 2,Senior,2483000.0
Mobile Developer,Bachelors,4.2,Bangalore,Small,Healthcare,Full-time,No,No,Tier 1,Junior,842000.0
Business Analyst,Masters,1.5,Thiruvananthapuram,Large,Healthcare,Full-time,Yes,No,Tier 1,Mid,840000.0
Business Analyst,Masters,2.8,Chennai,Medium,Tech,Contract,Yes,Yes,Tier 3,Senior,1746000.0
Machine Learning Engineer,PhD,2.2,Bangalore,Medium,Finance,Full-time,Yes,No,Tier 3,Senior,1630000.0
Product Manager,Bachelors,6.8,Indore,Small,Finance,Intern,Yes,No,Tier 1,Mid,1864000.0
QA Engineer,PhD,8.1,Hyderabad,Small,Finance,Contract,Yes,No,Tier 2,Junior,1914000.0
Machine Learning Engineer,Bachelors,4.7,Delhi,Large,Tech,Contract,No,Yes,Tier 1,Senior,2643000.0
Machine Learning Engineer,Masters,5.7,Nagpur,Small,Finance,Full-time,Yes,No,Tier 1,Junior,1418000.0
DevOps Engineer,Masters,4.5,Ahmedabad,Large,Healthcare,Intern,Yes,Yes,Tier 2,Junior,931000.0
UI/UX Designer,Masters,2.6,Ahmedabad,Small,Finance,Contract,Yes,No,Tier 1,Junior,913000.0
Product Manager,Masters,7.6,Gurgaon,Small,Tech,Contract,No,Yes,Tier 1,Junior,2183000.0
Data Scientist,PhD,7.0,Pune,Medium,Finance,Full-time,No,Yes,Tier 3,Senior,3630000.0
Machine Learning Engineer,Bachelors,0.0,Gurgaon,Small,Finance,Full-time,No,Yes,Tier 2,Senior,799000.0
Technical Writer,Bachelors,4.2,Indore,Small,Healthcare,Intern,Yes,No,Tier 3,Junior,616000.0
Frontend Developer,PhD,2.4,Chennai,Large,Finance,Full-time,No,Yes,Tier 3,Junior,980000.0
UI/UX Designer,Bachelors,3.8,Noida,Small,Healthcare,Intern,No,Yes,Tier 2,Mid,1037000.0
Data Scientist,Masters,3.0,Gurgaon,Large,Healthcare,Contract,No,Yes,Tier 2,Mid,1098000.0
Database Administrator,Bachelors,4.9,Nagpur,Small,Tech,Intern,No,Yes,Tier 1,Mid,1898000.0
Technical Writer,Masters,4.0,Mumbai,Small,Healthcare,Intern,Yes,No,Tier 3,Senior,1436000.0
Product Manager,PhD,3.9,Gurgaon,Large,Healthcare,Intern,No,No,Tier 2,Mid,1435000.0
Software Engineer,Bachelors,8.3,Gurgaon,Medium,Tech,Contract,No,No,Tier 3,Senior,2712000.0
Technical Writer,PhD,6.7,Noida,Large,Healthcare,Full-time,Yes,No,Tier 3,Senior,2488000.0
Cloud Architect,Bachelors,2.9,Pune,Large,Tech,Contract,Yes,Yes,Tier 2,Senior,1628000.0
UI/UX Designer,Masters,3.3,Hyderabad,Large,Finance,Full-time,No,No,Tier 1,Senior,2162000.0
Blockchain Developer,PhD,6.5,Mumbai,Medium,Tech,Intern,Yes,Yes,Tier 3,Mid,2502000.0
Technical Writer,Bachelors,6.5,Gurgaon,Small,Healthcare,Intern,No,No,Tier 2,Junior,941000.0
Security Analyst,Masters,3.2,Indore,Large,Tech,Intern,Yes,No,Tier 1,Junior,1103000.0
Software Engineer,PhD,4.3,Thiruvananthapuram,Large,Healthcare,Intern,Yes,No,Tier 3,Junior,936000.0
Business Analyst,PhD,10.5,Delhi,Medium,Finance,Intern,No,Yes,Tier 2,Mid,3773000.0
Business Analyst,Bachelors,3.2,Nagpur,Large,Tech,Full-time,Yes,No,Tier 3,Junior,707000.0
Backend Developer,Bachelors,10.7,Noida,Small,Finance,Full-time,No,No,Tier 2,Mid,2321000.0
Cloud Architect,Bachelors,8.3,Delhi,Medium,Healthcare,Intern,Yes,No,Tier 2,Mid,1488000.0
Database Administrator,Masters,10.2,Noida,Small,Healthcare,Contract,No,Yes,Tier 3,Mid,2195000.0
Technical Writer,Bachelors,3.1,Indore,Small,Finance,Contract,Yes,No,Tier 3,Junior,637000.0
Technical Writer,PhD,4.5,Delhi,Medium,Tech,Intern,Yes,No,Tier 2,Junior,1411000.0
Database Administrator,PhD,3.7,Noida,Large,Tech,Full-time,Yes,Yes,Tier 1,Junior,1638000.0
Backend Developer,Bachelors,8.4,Coimbatore,Small,Healthcare,Contract,Yes,Yes,Tier 3,Senior,2144000.0
Frontend Developer,Bachelors,3.3,Delhi,Small,Finance,Contract,Yes,No,Tier 2,Mid,1014000.0
Frontend Developer,PhD,7.2,Pune,Small,Finance,Contract,No,No,Tier 2,Senior,3703000.0
Backend Developer,Masters,7.0,Kolkata,Small,Tech,Intern,Yes,No,Tier 1,Mid,2490000.0
Frontend Developer,Bachelors,4.9,Mumbai,Medium,Tech,Contract,No,Yes,Tier 1,Junior,1356000.0
DevOps Engineer,Bachelors,8.9,Chennai,Medium,Tech,Contract,No,Yes,Tier 1,Mid,2859000.0
Technical Writer,PhD,5.3,Hyderabad,Small,Finance,Contract,No,Yes,Tier 3,Mid,2109000.0
Mobile Developer,Bachelors,7.5,Coimbatore,Large,Tech,Contract,Yes,No,Tier 2,Senior,2633000.0
QA Engineer,Masters,3.5,Jaipur,Small,Tech,Full-time,No,Yes,Tier 2,Mid,1586000.0
Database Administrator,PhD,2.8,Bangalore,Large,Healthcare,Intern,Yes,No,Tier 2,Junior,818000.0
Security Analyst,Bachelors,7.2,Indore,Small,Tech,Intern,No,Yes,Tier 1,Mid,2450000.0
DevOps Engineer,PhD,6.3,Indore,Large,Tech,Full-time,No,Yes,Tier 2,Mid,2836000.0
Product Manager,Bachelors,5.7,Gurgaon,Small,Finance,Full-time,No,Yes,Tier 3,Mid,1474000.0
DevOps Engineer,Bachelors,4.0,Thiruvananthapuram,Large,Finance,Intern,No,No,Tier 1,Senior,2002000.0
Mobile Developer,Bachelors,9.6,Nagpur,Small,Healthcare,Contract,No,No,Tier 1,Mid,2064000.0
Product Manager,Masters,1.7,Chennai,Small,Tech,Contract,Yes,No,Tier 1,Mid,1170000.0
Security Analyst,Masters,1.5,Bangalore,Large,Healthcare,Intern,No,No,Tier 1,Senior,1264000.0
Mobile Developer,PhD,7.8,Indore,Medium,Finance,Contract,No,Yes,Tier 3,Senior,3920000.0
Data Scientist,Bachelors,7.6,Mumbai,Large,Healthcare,Full-time,Yes,No,Tier 2,Senior,1994000.0
QA Engineer,Bachelors,6.1,Chennai,Medium,Finance,Contract,Yes,Yes,Tier 3,Senior,2092000.0
Security Analyst,Masters,4.1,Delhi,Small,Healthcare,Contract,Yes,No,Tier 2,Junior,801000.0
Technical Writer,Bachelors,6.5,Delhi,Large,Healthcare,Contract,No,No,Tier 3,Junior,855000.0
Frontend Developer,Masters,10.2,Jaipur,Large,Tech,Intern,No,Yes,Tier 1,Mid,3805000.0
Data Scientist,Bachelors,12.5,Bangalore,Large,Healthcare,Full-time,No,Yes,Tier 1,Junior,1995000.0
Cloud Architect,PhD,0.0,Indore,Medium,Tech,Contract,No,No,Tier 3,Mid,756000.0
Security Analyst,Bachelors,3.7,Hyderabad,Medium,Tech,Intern,No,No,Tier 3,Junior,804000.0
Cloud Architect,Bachelors,3.6,Indore,Small,Tech,Contract,No,Yes,Tier 2,Senior,1917000.0
Product Manager,Masters,9.9,Mumbai,Medium,Tech,Full-time,Yes,Yes,Tier 3,Senior,3882000.0
Data Scientist,Bachelors,0.0,Delhi,Medium,Healthcare,Contract,Yes,Yes,Tier 3,Junior,282000.0
QA Engineer,Bachelors,6.5,Gurgaon,Small,Finance,Full-time,No,Yes,Tier 2,Junior,1264000.0
Technical Writer,Masters,4.2,Kolkata,Large,Finance,Contract,No,Yes,Tier 2,Mid,1610000.0
Backend Developer,PhD,9.9,Pune,Large,Finance,Full-time,No,No,Tier 2,Mid,3278000.0
Technical Writer,PhD,9.5,Pune,Small,Healthcare,Contract,No,No,Tier 3,Mid,2362000.0
Mobile Developer,Masters,6.1,Noida,Large,Tech,Full-time,No,No,Tier 2,Senior,2883000.0
Technical Writer,Masters,0.3,Hyderabad,Medium,Finance,Contract,Yes,No,Tier 1,Senior,1076000.0
Blockchain Developer,Masters,3.3,Indore,Small,Healthcare,Contract,Yes,Yes,Tier 1,Senior,1849000.0
Machine Learning Engineer,Masters,3.6,Pune,Small,Tech,Intern,No,Yes,Tier 1,Senior,2718000.0
Backend Developer,Masters,1.0,Noida,Small,Finance,Intern,Yes,Yes,Tier 3,Mid,772000.0
DevOps Engineer,PhD,8.5,Bangalore,Large,Tech,Full-time,No,No,Tier 1,Senior,5382000.0
Frontend Developer,PhD,0.6,Delhi,Small,Finance,Contract,No,Yes,Tier 3,Senior,1307000.0
Software Engineer,Masters,10.9,Nagpur,Small,Finance,Full-time,No,Yes,Tier 3,Senior,4037000.0
QA Engineer,Bachelors,10.9,Thiruvananthapuram,Small,Finance,Intern,Yes,No,Tier 1,Senior,3777000.0
Data Scientist,Masters,3.8,Coimbatore,Large,Tech,Full-time,Yes,No,Tier 2,Junior,1023000.0
Machine Learning Engineer,Bachelors,6.0,Delhi,Medium,Healthcare,Full-time,No,No,Tier 3,Mid,1134000.0
QA Engineer,Masters,4.8,Coimbatore,Small,Tech,Intern,Yes,Yes,Tier 1,Mid,2136000.0
Data Scientist,Masters,7.7,Gurgaon,Medium,Finance,Contract,Yes,Yes,Tier 3,Senior,2952000.0
Frontend Developer,PhD,8.8,Kolkata,Large,Tech,Full-time,No,No,Tier 2,Junior,2336000.0
UI/UX Designer,Bachelors,5.8,Chennai,Large,Healthcare,Intern,Yes,No,Tier 2,Mid,1159000.0
UI/UX Designer,Bachelors,6.4,Pune,Large,Tech,Contract,Yes,Yes,Tier 1,Mid,2145000.0
Cloud Architect,PhD,3.1,Bangalore,Large,Healthcare,Intern,No,No,Tier 3,Senior,1647000.0
QA Engineer,PhD,6.3,Coimbatore,Medium,Healthcare,Full-time,No,Yes,Tier 3,Senior,2762000.0
UI/UX Designer,PhD,5.5,Thiruvananthapuram,Small,Tech,Contract,Yes,No,Tier 3,Mid,2035000.0
Blockchain Developer,PhD,2.3,Ahmedabad,Large,Finance,Contract,No,No,Tier 3,Mid,1224000.0
Backend Developer,Bachelors,5.0,Indore,Large,Healthcare,Intern,Yes,No,Tier 1,Junior,889000.0
Data Scientist,Bachelors,3.9,Pune,Medium,Tech,Intern,No,Yes,Tier 2,Mid,1403000.0
Cloud Architect,Masters,3.2,Indore,Medium,Healthcare,Intern,No,Yes,Tier 1,Mid,1341000.0
Technical Writer,Masters,1.6,Thiruvananthapuram,Large,Finance,Contract,No,No,Tier 3,Senior,1214000.0
Data Scientist,PhD,5.2,Hyderabad,Small,Tech,Contract,No,Yes,Tier 3,Mid,2273000.0
Cloud Architect,PhD,2.7,Gurgaon,Small,Tech,Full-time,Yes,No,Tier 2,Senior,2144000.0
Frontend Developer,PhD,3.6,Chennai,Large,Tech,Contract,No,No,Tier 3,Mid,1663000.0
QA Engineer,Masters,8.2,Pune,Medium,Finance,Full-time,No,Yes,Tier 1,Mid,2960000.0
Frontend Developer,Masters,6.9,Indore,Large,Healthcare,Intern,No,Yes,Tier 1,Mid,2141000.0
Backend Developer,Masters,2.1,Bangalore,Large,Tech,Intern,Yes,Yes,Tier 2,Junior,844000.0
Database Administrator,Masters,6.1,Pune,Medium,Healthcare,Contract,Yes,Yes,Tier 1,Senior,2670000.0
Backend Developer,Masters,5.4,Coimbatore,Large,Healthcare,Intern,No,No,Tier 1,Junior,1179000.0
Machine Learning Engineer,Masters,10.1,Hyderabad,Large,Finance,Intern,No,Yes,Tier 1,Mid,3462000.0
Frontend Developer,Masters,9.1,Ahmedabad,Large,Tech,Contract,No,Yes,Tier 1,Junior,2492000.0
Mobile Developer,PhD,0.4,Mumbai,Medium,Healthcare,Full-time,No,No,Tier 3,Senior,918000.0
Technical Writer,PhD,7.6,Jaipur,Small,Tech,Contract,No,No,Tier 1,Mid,3473000.0
Security Analyst,PhD,8.8,Ahmedabad,Small,Tech,Full-time,No,No,Tier 2,Junior,2336000.0
Frontend Developer,PhD,6.7,Noida,Medium,Finance,Contract,Yes,No,Tier 2,Junior,1673000.0
Machine Learning Engineer,Masters,4.0,Pune,Small,Tech,Contract,No,Yes,Tier 1,Senior,2883000.0
Product Manager,Bachelors,12.2,Delhi,Large,Tech,Intern,No,Yes,Tier 2,Junior,2207000.0
Database Administrator,Masters,7.0,Kolkata,Small,Healthcare,Contract,No,No,Tier 1,Senior,2808000.0
Blockchain Developer,Bachelors,10.9,Delhi,Large,Finance,Contract,No,No,Tier 2,Mid,2355000.0
Data Scientist,PhD,9.1,Ahmedabad,Small,Tech,Full-time,No,Yes,Tier 2,Mid,3690000.0
Backend Developer,Masters,6.4,Coimbatore,Medium,Healthcare,Intern,No,Yes,Tier 1,Junior,1452000.0
Product Manager,PhD,3.3,Delhi,Small,Finance,Full-time,Yes,Yes,Tier 1,Mid,1977000.0
Machine Learning Engineer,Masters,4.9,Bangalore,Small,Finance,Full-time,Yes,Yes,Tier 3,Mid,1526000.0
Cloud Architect,PhD,4.3,Delhi,Small,Healthcare,Intern,Yes,Yes,Tier 1,Junior,1339000.0
Security Analyst,Bachelors,1.4,Chennai,Medium,Healthcare,Intern,Yes,No,Tier 1,Mid,685000.0
Technical Writer,Bachelors,7.0,Mumbai,Small,Healthcare,Intern,Yes,No,Tier 3,Junior,855000.0
Technical Writer,Bachelors,9.7,Pune,Medium,Healthcare,Contract,Yes,No,Tier 1,Senior,2823000.0
Technical Writer,Masters,4.1,Thiruvananthapuram,Large,Healthcare,Intern,No,No,Tier 1,Senior,1994000.0
Blockchain Developer,Bachelors,11.5,Gurgaon,Small,Tech,Intern,No,Yes,Tier 3,Senior,3828000.0
Security Analyst,Masters,0.3,Delhi,Medium,Tech,Intern,No,No,Tier 1,Junior,618000.0
Blockchain Developer,Bachelors,8.2,Hyderabad,Medium,Finance,Full-time,No,Yes,Tier 1,Junior,1762000.0
Backend Developer,Bachelors,10.0,Gurgaon,Small,Tech,Full-time,No,Yes,Tier 3,Mid,2402000.0
Blockchain Developer,Masters,4.4,Mumbai,Large,Tech,Contract,No,Yes,Tier 3,Mid,1641000.0
Software Engineer,Masters,4.4,Indore,Medium,Tech,Full-time,Yes,Yes,Tier 2,Mid,1715000.0
Security Analyst,Bachelors,8.1,Thiruvananthapuram,Small,Healthcare,Contract,No,Yes,Tier 1,Mid,2000000.0
Mobile Developer,Masters,6.5,Coimbatore,Large,Finance,Full-time,Yes,Yes,Tier 2,Mid,2018000.0
Security Analyst,Bachelors,0.0,Mumbai,Medium,Finance,Intern,Yes,Yes,Tier 2,Junior,379000.0
Machine Learning Engineer,Masters,2.5,Delhi,Medium,Finance,Full-time,No,No,Tier 3,Junior,726000.0
Software Engineer,PhD,5.0,Mumbai,Large,Finance,Contract,No,Yes,Tier 1,Senior,3775000.0
Technical Writer,PhD,0.9,Gurgaon,Large,Tech,Full-time,No,No,Tier 1,Senior,1825000.0
Machine Learning Engineer,PhD,3.6,Kolkata,Small,Tech,Intern,No,No,Tier 3,Senior,2376000.0
Machine Learning Engineer,PhD,1.0,Coimbatore,Small,Healthcare,Contract,No,Yes,Tier 2,Senior,1307000.0
Backend Developer,PhD,3.9,Delhi,Medium,Finance,Intern,No,Yes,Tier 3,Junior,1252000.0
Business Analyst,Bachelors,4.0,Bangalore,Large,Tech,Intern,No,No,Tier 1,Junior,1092000.0
DevOps Engineer,PhD,6.1,Ahmedabad,Large,Tech,Contract,Yes,No,Tier 3,Junior,1556000.0
Software Engineer,PhD,4.7,Chennai,Large,Healthcare,Intern,No,No,Tier 1,Mid,1892000.0
Machine Learning Engineer,PhD,6.5,Jaipur,Medium,Healthcare,Intern,No,No,Tier 2,Mid,1975000.0
DevOps Engineer,PhD,6.2,Nagpur,Large,Healthcare,Full-time,Yes,Yes,Tier 1,Senior,3375000.0
DevOps Engineer,Masters,8.1,Noida,Large,Tech,Intern,No,Yes,Tier 2,Mid,2708000.0
Software Engineer,Bachelors,7.6,Coimbatore,Medium,Tech,Intern,No,Yes,Tier 2,Junior,1539000.0
Business Analyst,PhD,7.3,Mumbai,Small,Healthcare,Intern,Yes,No,Tier 1,Senior,3435000.0
Product Manager,PhD,14.3,Bangalore,Small,Finance,Intern,No,Yes,Tier 1,Senior,8164000.0
Cloud Architect,PhD,6.0,Pune,Medium,Healthcare,Contract,No,No,Tier 2,Mid,1871000.0
Mobile Developer,Bachelors,12.8,Pune,Large,Healthcare,Full-time,No,Yes,Tier 3,Senior,3128000.0
Cloud Architect,Masters,6.2,Noida,Medium,Healthcare,Intern,No,No,Tier 1,Mid,1808000.0
Security Analyst,Bachelors,4.8,Coimbatore,Small,Healthcare,Intern,No,Yes,Tier 2,Mid,1189000.0
Technical Writer,Masters,3.9,Coimbatore,Small,Tech,Contract,No,Yes,Tier 2,Senior,2405000.0
Mobile Developer,PhD,9.5,Chennai,Medium,Finance,Intern,Yes,No,Tier 3,Mid,2743000.0
Security Analyst,PhD,9.9,Mumbai,Medium,Healthcare,Contract,No,No,Tier 1,Mid,3170000.0
Machine Learning Engineer,Bachelors,6.8,Thiruvananthapuram,Small,Finance,Full-time,No,No,Tier 2,Mid,1660000.0
Technical Writer,Bachelors,8.4,Kolkata,Medium,Finance,Full-time,Yes,No,Tier 3,Mid,1668000.0
Data Scientist,Masters,1.2,Noida,Small,Finance,Intern,Yes,No,Tier 2,Senior,1159000.0
Software Engineer,Masters,0.4,Chennai,Medium,Healthcare,Intern,No,Yes,Tier 1,Junior,525000.0
Database Administrator,Bachelors,8.7,Mumbai,Medium,Tech,Intern,Yes,No,Tier 3,Junior,1334000.0
Mobile Developer,Masters,4.6,Gurgaon,Medium,Healthcare,Contract,No,Yes,Tier 2,Mid,1390000.0
Mobile Developer,Bachelors,7.2,Bangalore,Small,Finance,Intern,No,Yes,Tier 3,Mid,1728000.0
Frontend Developer,Masters,2.8,Nagpur,Medium,Finance,Intern,Yes,Yes,Tier 1,Mid,1456000.0
Machine Learning Engineer,Bachelors,10.0,Ahmedabad,Small,Tech,Full-time,No,Yes,Tier 3,Junior,1716000.0
Product Manager,Bachelors,0.4,Kolkata,Small,Healthcare,Intern,No,Yes,Tier 1,Mid,613000.0
DevOps Engineer,Bachelors,0.8,Thiruvananthapuram,Medium,Finance,Full-time,Yes,No,Tier 2,Senior,874000.0
Technical Writer,Masters,9.3,Gurgaon,Medium,Tech,Intern,Yes,No,Tier 1,Senior,4375000.0
Machine Learning Engineer,Masters,0.0,Gurgaon,Small,Finance,Full-time,Yes,Yes,Tier 2,Senior,910000.0
UI/UX Designer,Masters,6.1,Jaipur,Small,Tech,Intern,Yes,Yes,Tier 2,Junior,1506000.0
Business Analyst,Bachelors,4.7,Pune,Large,Tech,Full-time,No,No,Tier 1,Mid,1682000.0
DevOps Engineer,Masters,2.8,Hyderabad,Small,Healthcare,Contract,Yes,No,Tier 2,Mid,916000.0
Software Engineer,Masters,4.4,Bangalore,Large,Finance,Full-time,Yes,Yes,Tier 3,Mid,1429000.0
DevOps Engineer,Bachelors,2.5,Pune,Large,Healthcare,Full-time,Yes,No,Tier 2,Junior,517000.0
Product Manager,PhD,9.6,Delhi,Large,Finance,Full-time,Yes,No,Tier 1,Junior,2568000.0
Backend Developer,Bachelors,10.4,Nagpur,Medium,Healthcare,Intern,Yes,No,Tier 3,Junior,1146000.0
Frontend Developer,Masters,2.9,Gurgaon,Medium,Finance,Intern,No,Yes,Tier 3,Junior,857000.0
DevOps Engineer,Bachelors,5.8,Hyderabad,Small,Healthcare,Intern,Yes,No,Tier 2,Senior,1655000.0
Software Engineer,PhD,1.0,Coimbatore,Large,Tech,Contract,No,Yes,Tier 2,Junior,871000.0
Product Manager,Bachelors,8.2,Pune,Medium,Finance,Contract,Yes,Yes,Tier 1,Junior,1674000.0
Cloud Architect,Masters,8.1,Thiruvananthapuram,Medium,Finance,Full-time,Yes,Yes,Tier 3,Junior,1531000.0
Mobile Developer,PhD,4.1,Thiruvananthapuram,Medium,Tech,Contract,Yes,Yes,Tier 1,Mid,2431000.0
Backend Developer,Masters,5.1,Thiruvananthapuram,Medium,Healthcare,Full-time,Yes,Yes,Tier 2,Mid,1408000.0
Frontend Developer,PhD,4.7,Chennai,Medium,Finance,Full-time,Yes,No,Tier 3,Mid,1690000.0
Mobile Developer,PhD,0.1,Kolkata,Large,Finance,Full-time,Yes,Yes,Tier 1,Senior,1390000.0
Business Analyst,Bachelors,9.6,Indore,Large,Healthcare,Contract,Yes,Yes,Tier 1,Senior,3081000.0
Security Analyst,Bachelors,2.7,Pune,Large,Tech,Intern,Yes,Yes,Tier 1,Junior,929000.0
Backend Developer,Masters,2.7,Thiruvananthapuram,Large,Healthcare,Contract,No,No,Tier 1,Mid,1120000.0
Backend Developer,Bachelors,4.5,Jaipur,Small,Healthcare,Full-time,Yes,No,Tier 1,Senior,1667000.0
Cloud Architect,Bachelors,8.0,Ahmedabad,Large,Healthcare,Full-time,No,No,Tier 3,Mid,1386000.0
Cloud Architect,PhD,3.2,Chennai,Medium,Finance,Contract,Yes,No,Tier 1,Senior,2527000.0
Technical Writer,Bachelors,0.0,Indore,Large,Tech,Full-time,No,No,Tier 3,Senior,720000.0
Blockchain Developer,PhD,2.3,Bangalore,Small,Tech,Full-time,Yes,No,Tier 1,Junior,1178000.0
DevOps Engineer,PhD,6.3,Bangalore,Medium,Healthcare,Contract,Yes,No,Tier 2,Junior,1312000.0
Backend Developer,PhD,11.6,Bangalore,Large,Finance,Contract,Yes,Yes,Tier 2,Senior,5538000.0
Database Administrator,Masters,1.2,Bangalore,Large,Healthcare,Contract,No,Yes,Tier 1,Junior,649000.0
Mobile Developer,Masters,1.1,Ahmedabad,Large,Finance,Full-time,No,No,Tier 2,Senior,1191000.0
Software Engineer,Masters,0.5,Pune,Medium,Finance,Full-time,No,Yes,Tier 3,Senior,1016000.0
QA Engineer,PhD,0.1,Thiruvananthapuram,Medium,Finance,Intern,No,Yes,Tier 1,Mid,1024000.0
Blockchain Developer,Masters,8.6,Mumbai,Small,Finance,Intern,Yes,No,Tier 3,Junior,1455000.0
Database Administrator,Masters,9.5,Pune,Medium,Tech,Contract,Yes,Yes,Tier 1,Junior,2445000.0
QA Engineer,Bachelors,5.5,Gurgaon,Medium,Finance,Intern,Yes,Yes,Tier 2,Junior,1075000.0
Frontend Developer,Masters,3.6,Delhi,Large,Finance,Full-time,No,No,Tier 3,Mid,1220000.0
Product Manager,Masters,10.4,Indore,Medium,Healthcare,Intern,Yes,Yes,Tier 2,Mid,2329000.0
Mobile Developer,PhD,5.5,Thiruvananthapuram,Large,Healthcare,Full-time,No,No,Tier 2,Mid,1767000.0
Mobile Developer,PhD,8.3,Nagpur,Large,Tech,Contract,No,No,Tier 1,Junior,2644000.0
Blockchain Developer,PhD,3.5,Indore,Medium,Healthcare,Contract,No,Yes,Tier 3,Junior,965000.0
Backend Developer,PhD,5.1,Thiruvananthapuram,Small,Finance,Full-time,No,Yes,Tier 2,Junior,1617000.0
Business Analyst,PhD,1.3,Kolkata,Small,Healthcare,Intern,No,Yes,Tier 1,Mid,1162000.0
Blockchain Developer,PhD,6.9,Hyderabad,Medium,Tech,Contract,Yes,No,Tier 1,Mid,3081000.0
QA Engineer,Masters,5.6,Mumbai,Small,Healthcare,Contract,No,No,Tier 1,Senior,2415000.0
Blockchain Developer,PhD,2.3,Indore,Large,Healthcare,Intern,No,No,Tier 2,Mid,1102000.0
Database Administrator,PhD,2.4,Mumbai,Large,Tech,Intern,Yes,Yes,Tier 1,Senior,2641000.0
Mobile Developer,Bachelors,9.8,Gurgaon,Medium,Tech,Full-time,No,Yes,Tier 3,Junior,1690000.0
Business Analyst,Masters,10.9,Pune,Small,Finance,Intern,No,No,Tier 3,Mid,2569000.0
DevOps Engineer,Masters,4.4,Mumbai,Small,Healthcare,Intern,Yes,Yes,Tier 2,Junior,919000.0
UI/UX Designer,Masters,5.2,Noida,Large,Finance,Intern,Yes,Yes,Tier 3,Junior,1131000.0
Technical Writer,PhD,6.2,Noida,Medium,Healthcare,Full-time,Yes,No,Tier 1,Junior,1534000.0
Data Scientist,PhD,5.4,Nagpur,Small,Healthcare,Full-time,No,No,Tier 2,Junior,1247000.0
Cloud Architect,PhD,0.0,Delhi,Medium,Finance,Contract,Yes,Yes,Tier 1,Mid,941000.0
Blockchain Developer,Bachelors,6.3,Coimbatore,Small,Healthcare,Full-time,Yes,No,Tier 2,Junior,875000.0
Frontend Developer,PhD,0.0,Hyderabad,Large,Healthcare,Contract,Yes,Yes,Tier 2,Senior,931000.0
Security Analyst,Bachelors,2.8,Jaipur,Large,Healthcare,Intern,No,No,Tier 1,Mid,950000.0
Product Manager,Masters,6.5,Ahmedabad,Medium,Tech,Contract,Yes,No,Tier 3,Junior,1300000.0
UI/UX Designer,PhD,6.8,Pune,Large,Finance,Contract,No,No,Tier 3,Mid,2264000.0
Technical Writer,Bachelors,2.6,Ahmedabad,Small,Tech,Intern,No,Yes,Tier 2,Senior,1626000.0
Technical Writer,Bachelors,3.6,Nagpur,Large,Finance,Contract,Yes,Yes,Tier 1,Junior,986000.0
Technical Writer,PhD,3.2,Jaipur,Medium,Finance,Full-time,No,No,Tier 1,Senior,2660000.0
Technical Writer,Masters,4.7,Nagpur,Medium,Healthcare,Full-time,No,No,Tier 2,Junior,915000.0
QA Engineer,Masters,4.9,Thiruvananthapuram,Medium,Finance,Full-time,Yes,No,Tier 3,Senior,1981000.0
Frontend Developer,Masters,7.0,Pune,Small,Tech,Full-time,No,Yes,Tier 1,Junior,2059000.0
Frontend Developer,Bachelors,3.4,Pune,Small,Tech,Contract,Yes,No,Tier 3,Mid,1021000.0
Business Analyst,Bachelors,6.1,Hyderabad,Small,Tech,Contract,No,No,Tier 3,Junior,1092000.0
Database Administrator,Bachelors,6.5,Ahmedabad,Small,Finance,Intern,No,No,Tier 2,Mid,1609000.0
Cloud Architect,Bachelors,5.6,Noida,Small,Tech,Contract,Yes,No,Tier 2,Junior,1078000.0
Mobile Developer,Masters,4.2,Bangalore,Large,Finance,Contract,Yes,Yes,Tier 3,Junior,993000.0
Technical Writer,PhD,5.5,Ahmedabad,Small,Tech,Contract,No,Yes,Tier 1,Senior,4376000.0
Security Analyst,Bachelors,7.3,Kolkata,Small,Tech,Intern,No,No,Tier 1,Senior,3214000.0
Mobile Developer,Bachelors,7.5,Nagpur,Large,Finance,Full-time,Yes,Yes,Tier 2,Senior,2655000.0
Frontend Developer,Masters,10.4,Kolkata,Small,Tech,Contract,No,Yes,Tier 3,Junior,2123000.0
Software Engineer,PhD,2.0,Pune,Medium,Healthcare,Intern,No,Yes,Tier 1,Junior,965000.0
Software Engineer,PhD,3.7,Bangalore,Small,Finance,Intern,No,No,Tier 1,Junior,1437000.0
Security Analyst,Masters,0.2,Chennai,Small,Finance,Intern,No,Yes,Tier 2,Mid,716000.0
Business Analyst,Masters,7.8,Jaipur,Medium,Finance,Full-time,Yes,Yes,Tier 3,Mid,2086000.0
Frontend Developer,PhD,4.0,Delhi,Medium,Healthcare,Contract,Yes,Yes,Tier 1,Junior,1284000.0
Security Analyst,Bachelors,5.6,Bangalore,Medium,Finance,Intern,Yes,No,Tier 2,Senior,1977000.0
QA Engineer,PhD,3.2,Thiruvananthapuram,Medium,Tech,Full-time,Yes,No,Tier 1,Senior,2757000.0
Blockchain Developer,Masters,4.0,Delhi,Small,Tech,Intern,Yes,Yes,Tier 1,Senior,2739000.0
Security Analyst,Bachelors,8.7,Indore,Medium,Tech,Intern,Yes,Yes,Tier 1,Junior,1907000.0
DevOps Engineer,Bachelors,7.1,Ahmedabad,Medium,Finance,Intern,No,No,Tier 2,Senior,2444000.0
Mobile Developer,Masters,4.7,Ahmedabad,Large,Tech,Intern,Yes,No,Tier 3,Junior,1053000.0
UI/UX Designer,Masters,7.3,Delhi,Medium,Finance,Intern,No,Yes,Tier 2,Mid,2303000.0
Machine Learning Engineer,Masters,7.4,Coimbatore,Medium,Tech,Full-time,No,Yes,Tier 3,Senior,3295000.0
Business Analyst,PhD,3.8,Jaipur,Large,Healthcare,Contract,No,No,Tier 1,Mid,1671000.0
Security Analyst,PhD,0.6,Thiruvananthapuram,Large,Healthcare,Contract,Yes,No,Tier 3,Senior,923000.0
Frontend Developer,Bachelors,2.3,Bangalore,Small,Healthcare,Contract,No,Yes,Tier 1,Junior,682000.0
Product Manager,Masters,1.0,Chennai,Large,Healthcare,Contract,Yes,No,Tier 1,Junior,534000.0
Software Engineer,Bachelors,8.5,Pune,Small,Finance,Full-time,No,Yes,Tier 2,Junior,1531000.0
DevOps Engineer,Bachelors,9.0,Hyderabad,Large,Tech,Full-time,No,Yes,Tier 1,Junior,2059000.0
Cloud Architect,Bachelors,9.8,Thiruvananthapuram,Large,Healthcare,Full-time,Yes,Yes,Tier 2,Senior,2648000.0
Technical Writer,Bachelors,0.0,Ahmedabad,Small,Finance,Intern,No,No,Tier 3,Mid,462000.0
Machine Learning Engineer,Masters,8.2,Kolkata,Large,Healthcare,Intern,No,Yes,Tier 3,Junior,1331000.0
Backend Developer,Bachelors,11.6,Jaipur,Small,Healthcare,Intern,No,Yes,Tier 1,Senior,3758000.0
Business Analyst,Masters,8.3,Hyderabad,Large,Finance,Contract,No,No,Tier 2,Mid,2297000.0
UI/UX Designer,Masters,0.0,Nagpur,Medium,Finance,Intern,Yes,No,Tier 1,Junior,489000.0
Database Administrator,PhD,10.3,Nagpur,Large,Tech,Contract,No,Yes,Tier 2,Mid,4055000.0
Database Administrator,Masters,5.1,Chennai,Small,Tech,Intern,No,Yes,Tier 2,Junior,1411000.0
Machine Learning Engineer,PhD,4.3,Nagpur,Large,Healthcare,Contract,Yes,No,Tier 2,Mid,1442000.0
Security Analyst,Masters,6.4,Thiruvananthapuram,Small,Healthcare,Intern,No,No,Tier 3,Mid,1421000.0
QA Engineer,Masters,1.9,Mumbai,Small,Tech,Intern,No,No,Tier 2,Junior,776000.0
Software Engineer,Masters,5.0,Gurgaon,Medium,Tech,Full-time,No,Yes,Tier 3,Senior,2534000.0
Frontend Developer,PhD,9.9,Pune,Medium,Finance,Intern,No,Yes,Tier 2,Mid,3606000.0
Software Engineer,PhD,6.9,Ahmedabad,Small,Tech,Intern,Yes,Yes,Tier 3,Junior,1862000.0
Cloud Architect,Bachelors,5.2,Pune,Large,Tech,Full-time,No,No,Tier 3,Mid,1378000.0
QA Engineer,PhD,5.3,Nagpur,Small,Healthcare,Contract,Yes,Yes,Tier 3,Mid,1639000.0
Technical Writer,PhD,1.5,Coimbatore,Small,Tech,Full-time,No,No,Tier 1,Senior,2106000.0
Frontend Developer,PhD,4.6,Indore,Large,Healthcare,Full-time,No,Yes,Tier 2,Mid,1738000.0
Mobile Developer,PhD,0.1,Indore,Large,Tech,Contract,No,No,Tier 1,Mid,1016000.0
Data Scientist,Bachelors,8.1,Hyderabad,Large,Finance,Intern,Yes,Yes,Tier 2,Junior,1404000.0
DevOps Engineer,PhD,0.0,Indore,Large,Tech,Contract,No,Yes,Tier 2,Junior,653000.0
Software Engineer,Masters,7.6,Indore,Small,Tech,Intern,No,No,Tier 1,Senior,3969000.0
Product Manager,Masters,7.9,Pune,Small,Tech,Intern,Yes,No,Tier 3,Mid,2088000.0
Software Engineer,PhD,9.0,Gurgaon,Medium,Healthcare,Contract,Yes,Yes,Tier 2,Mid,2607000.0
Machine Learning Engineer,PhD,5.3,Mumbai,Small,Finance,Full-time,Yes,No,Tier 3,Mid,1821000.0
Software Engineer,Masters,7.7,Hyderabad,Large,Tech,Contract,Yes,No,Tier 1,Senior,3806000.0
Business Analyst,Masters,4.5,Ahmedabad,Medium,Healthcare,Intern,No,Yes,Tier 3,Mid,1247000.0
Software Engineer,Bachelors,1.4,Bangalore,Large,Finance,Contract,No,No,Tier 2,Junior,532000.0
Data Scientist,Masters,9.6,Kolkata,Small,Healthcare,Contract,No,Yes,Tier 2,Senior,3293000.0
Data Scientist,Masters,4.7,Hyderabad,Medium,Healthcare,Intern,No,Yes,Tier 2,Junior,1006000.0
Technical Writer,PhD,0.8,Noida,Large,Finance,Full-time,Yes,No,Tier 1,Junior,774000.0
UI/UX Designer,Masters,3.6,Coimbatore,Medium,Tech,Contract,No,No,Tier 2,Senior,2091000.0
Mobile Developer,Bachelors,3.7,Mumbai,Medium,Healthcare,Intern,No,Yes,Tier 1,Junior,862000.0
Product Manager,Masters,6.4,Coimbatore,Small,Healthcare,Intern,No,Yes,Tier 3,Mid,1563000.0
Database Administrator,PhD,12.0,Hyderabad,Large,Tech,Contract,No,Yes,Tier 2,Senior,6534000.0
Software Engineer,PhD,6.6,Hyderabad,Medium,Tech,Full-time,Yes,Yes,Tier 2,Junior,1986000.0
Software Engineer,Masters,5.6,Noida,Medium,Finance,Contract,No,Yes,Tier 2,Mid,1923000.0
DevOps Engineer,PhD,12.4,Indore,Large,Finance,Full-time,No,Yes,Tier 3,Mid,3913000.0
Frontend Developer,Bachelors,7.9,Ahmedabad,Medium,Finance,Full-time,No,No,Tier 2,Junior,1319000.0
Data Scientist,Bachelors,5.8,Thiruvananthapuram,Medium,Tech,Full-time,Yes,No,Tier 1,Mid,1826000.0
Product Manager,Masters,3.6,Thiruvananthapuram,Medium,Healthcare,Full-time,Yes,No,Tier 3,Senior,1354000.0
Technical Writer,Masters,5.9,Coimbatore,Large,Healthcare,Contract,No,Yes,Tier 3,Junior,1057000.0
Cloud Architect,Masters,4.8,Hyderabad,Large,Finance,Intern,No,No,Tier 3,Mid,1441000.0
Database Administrator,PhD,5.3,Kolkata,Large,Tech,Intern,No,Yes,Tier 3,Mid,2301000.0
UI/UX Designer,Bachelors,8.9,Pune,Large,Healthcare,Intern,Yes,Yes,Tier 3,Junior,1119000.0
Database Administrator,Bachelors,3.4,Ahmedabad,Small,Finance,Intern,No,No,Tier 1,Junior,915000.0
Mobile Developer,PhD,6.5,Kolkata,Medium,Healthcare,Intern,No,Yes,Tier 3,Junior,1411000.0
QA Engineer,Bachelors,7.8,Nagpur,Large,Healthcare,Intern,No,Yes,Tier 2,Junior,1176000.0
Mobile Developer,Masters,3.0,Ahmedabad,Medium,Tech,Contract,Yes,Yes,Tier 3,Senior,1806000.0
Business Analyst,Masters,2.5,Nagpur,Medium,Tech,Full-time,No,Yes,Tier 3,Junior,871000.0
Machine Learning Engineer,Masters,4.5,Kolkata,Small,Healthcare,Intern,No,Yes,Tier 3,Senior,1782000.0
Business Analyst,Bachelors,3.6,Gurgaon,Large,Finance,Contract,Yes,Yes,Tier 3,Senior,1517000.0
Software Engineer,Masters,8.5,Mumbai,Large,Tech,Intern,Yes,No,Tier 3,Junior,1573000.0
Backend Developer,PhD,2.0,Indore,Medium,Healthcare,Intern,No,Yes,Tier 1,Senior,1931000.0
UI/UX Designer,PhD,5.2,Kolkata,Large,Tech,Full-time,Yes,Yes,Tier 1,Junior,2005000.0
Machine Learning Engineer,Bachelors,12.6,Delhi,Medium,Tech,Full-time,No,Yes,Tier 3,Junior,2059000.0
Product Manager,PhD,6.2,Kolkata,Medium,Tech,Full-time,Yes,Yes,Tier 1,Mid,3150000.0
QA Engineer,PhD,6.7,Bangalore,Small,Healthcare,Intern,Yes,No,Tier 2,Junior,1368000.0
Data Scientist,Bachelors,8.5,Bangalore,Small,Finance,Intern,No,No,Tier 3,Mid,1771000.0
UI/UX Designer,Masters,3.6,Jaipur,Small,Finance,Intern,No,Yes,Tier 2,Senior,2108000.0
UI/UX Designer,Masters,1.8,Nagpur,Medium,Finance,Full-time,No,Yes,Tier 2,Mid,1073000.0
Business Analyst,Masters,5.5,Delhi,Large,Tech,Contract,Yes,Yes,Tier 3,Senior,2558000.0
Backend Developer,Bachelors,5.8,Indore,Small,Healthcare,Intern,No,No,Tier 2,Junior,871000.0
Database Administrator,PhD,0.1,Delhi,Large,Tech,Intern,No,No,Tier 2,Senior,1228000.0
Database Administrator,Masters,6.1,Pune,Small,Finance,Intern,No,No,Tier 2,Senior,2643000.0
Software Engineer,Masters,8.2,Delhi,Small,Finance,Contract,No,No,Tier 3,Junior,1478000.0
Security Analyst,Bachelors,2.3,Pune,Medium,Healthcare,Intern,No,Yes,Tier 3,Senior,1049000.0
Technical Writer,Masters,6.3,Jaipur,Small,Tech,Contract,Yes,No,Tier 2,Junior,1399000.0
Business Analyst,Bachelors,7.7,Jaipur,Small,Finance,Intern,No,No,Tier 3,Mid,1648000.0
UI/UX Designer,PhD,6.8,Mumbai,Medium,Healthcare,Contract,No,Yes,Tier 3,Junior,1455000.0
Database Administrator,Bachelors,7.0,Thiruvananthapuram,Large,Tech,Intern,Yes,Yes,Tier 2,Junior,1379000.0
Blockchain Developer,Bachelors,4.3,Bangalore,Small,Tech,Full-time,No,No,Tier 3,Senior,1752000.0
DevOps Engineer,Bachelors,1.6,Kolkata,Medium,Finance,Full-time,No,No,Tier 1,Mid,921000.0
QA Engineer,Bachelors,3.7,Kolkata,Small,Finance,Full-time,No,No,Tier 3,Junior,737000.0
Technical Writer,PhD,3.2,Nagpur,Medium,Tech,Full-time,No,No,Tier 1,Mid,2031000.0
Business Analyst,PhD,4.8,Noida,Large,Tech,Intern,No,Yes,Tier 2,Mid,2378000.0
QA Engineer,Masters,8.3,Noida,Large,Finance,Full-time,Yes,Yes,Tier 3,Senior,3117000.0
DevOps Engineer,PhD,1.1,Chennai,Medium,Tech,Contract,Yes,No,Tier 2,Junior,771000.0
Cloud Architect,PhD,5.4,Ahmedabad,Medium,Finance,Full-time,Yes,No,Tier 2,Senior,2897000.0
DevOps Engineer,Masters,1.8,Mumbai,Medium,Tech,Full-time,No,No,Tier 2,Junior,760000.0
Backend Developer,PhD,2.8,Chennai,Large,Finance,Full-time,Yes,No,Tier 2,Mid,1400000.0
DevOps Engineer,Bachelors,6.7,Chennai,Small,Healthcare,Intern,No,No,Tier 2,Junior,960000.0
QA Engineer,Bachelors,1.4,Hyderabad,Large,Finance,Full-time,No,Yes,Tier 3,Junior,532000.0
Database Administrator,Masters,7.2,Nagpur,Medium,Finance,Contract,No,Yes,Tier 1,Mid,2695000.0
Mobile Developer,Masters,0.9,Hyderabad,Medium,Healthcare,Full-time,Yes,Yes,Tier 3,Mid,616000.0
QA Engineer,Masters,7.0,Coimbatore,Large,Tech,Full-time,Yes,No,Tier 3,Junior,1368000.0
Security Analyst,Bachelors,0.4,Nagpur,Medium,Healthcare,Full-time,Yes,No,Tier 3,Senior,581000.0
Software Engineer,PhD,3.1,Chennai,Large,Finance,Contract,No,Yes,Tier 3,Junior,1107000.0
Machine Learning Engineer,Bachelors,10.7,Delhi,Medium,Tech,Full-time,Yes,Yes,Tier 1,Mid,3127000.0
Database Administrator,Masters,10.1,Ahmedabad,Small,Healthcare,Contract,No,No,Tier 3,Senior,2830000.0
Mobile Developer,PhD,3.8,Thiruvananthapuram,Small,Tech,Contract,Yes,Yes,Tier 2,Mid,1970000.0
Data Scientist,PhD,6.2,Mumbai,Medium,Tech,Full-time,Yes,No,Tier 3,Mid,2202000.0
Machine Learning Engineer,Bachelors,8.6,Nagpur,Large,Healthcare,Contract,No,No,Tier 3,Senior,2088000.0
Software Engineer,Masters,7.0,Thiruvananthapuram,Small,Tech,Intern,No,Yes,Tier 1,Mid,2883000.0
Business Analyst,Bachelors,4.2,Chennai,Large,Healthcare,Full-time,Yes,Yes,Tier 1,Mid,1232000.0
Technical Writer,PhD,2.8,Indore,Medium,Finance,Full-time,Yes,Yes,Tier 2,Mid,1540000.0
Security Analyst,Bachelors,7.6,Gurgaon,Large,Tech,Contract,Yes,No,Tier 3,Mid,1692000.0
Security Analyst,Bachelors,8.4,Kolkata,Small,Finance,Contract,No,No,Tier 3,Mid,1756000.0
Data Scientist,Masters,10.1,Ahmedabad,Large,Finance,Full-time,No,Yes,Tier 3,Mid,2663000.0
Mobile Developer,Masters,0.0,Hyderabad,Large,Tech,Intern,Yes,No,Tier 2,Mid,632000.0
Backend Developer,PhD,1.2,Coimbatore,Medium,Healthcare,Contract,Yes,No,Tier 1,Mid,980000.0
Frontend Developer,Bachelors,8.5,Kolkata,Medium,Tech,Contract,No,No,Tier 2,Mid,2125000.0
Cloud Architect,Bachelors,0.3,Thiruvananthapuram,Medium,Finance,Intern,Yes,Yes,Tier 3,Junior,379000.0
DevOps Engineer,Bachelors,8.7,Nagpur,Small,Finance,Intern,No,No,Tier 1,Junior,1673000.0
Mobile Developer,PhD,4.4,Hyderabad,Small,Healthcare,Full-time,No,Yes,Tier 1,Mid,2000000.0
Technical Writer,PhD,3.4,Hyderabad,Medium,Tech,Intern,No,Yes,Tier 2,Junior,1394000.0
Database Administrator,Masters,5.6,Ahmedabad,Medium,Finance,Full-time,No,No,Tier 1,Senior,2952000.0
Cloud Architect,Masters,1.0,Hyderabad,Small,Finance,Intern,No,Yes,Tier 1,Junior,755000.0
Database Administrator,Masters,7.5,Thiruvananthapuram,Small,Finance,Contract,No,No,Tier 3,Mid,1940000.0
Security Analyst,Bachelors,10.1,Gurgaon,Small,Healthcare,Full-time,Yes,Yes,Tier 3,Mid,1725000.0
QA Engineer,Bachelors,7.6,Jaipur,Small,Finance,Full-time,No,Yes,Tier 1,Junior,1667000.0
Technical Writer,Masters,4.3,Coimbatore,Medium,Finance,Full-time,No,No,Tier 1,Mid,1754000.0
Software Engineer,Bachelors,0.4,Bangalore,Small,Tech,Intern,Yes,Yes,Tier 2,Senior,938000.0
Data Scientist,Masters,0.5,Thiruvananthapuram,Medium,Tech,Contract,No,Yes,Tier 2,Senior,1220000.0
Software Engineer,PhD,1.0,Jaipur,Large,Finance,Full-time,Yes,Yes,Tier 1,Mid,1255000.0
Database Administrator,Masters,5.0,Thiruvananthapuram,Large,Finance,Full-time,No,No,Tier 3,Senior,2112000.0
Frontend Developer,PhD,5.3,Bangalore,Small,Tech,Full-time,Yes,No,Tier 1,Senior,3690000.0
Technical Writer,Bachelors,7.6,Noida,Large,Healthcare,Full-time,Yes,Yes,Tier 1,Junior,1296000.0
Product Manager,Masters,0.0,Indore,Large,Healthcare,Contract,No,Yes,Tier 3,Senior,713000.0
Product Manager,Bachelors,8.9,Noida,Large,Healthcare,Intern,No,Yes,Tier 3,Junior,1178000.0
Database Administrator,PhD,7.1,Hyderabad,Small,Healthcare,Contract,No,No,Tier 2,Mid,2100000.0
Business Analyst,PhD,4.0,Mumbai,Small,Healthcare,Full-time,No,No,Tier 2,Junior,1040000.0
Mobile Developer,PhD,1.4,Mumbai,Large,Healthcare,Contract,Yes,Yes,Tier 2,Mid,956000.0
Security Analyst,Bachelors,8.7,Bangalore,Medium,Healthcare,Full-time,Yes,No,Tier 2,Mid,1541000.0
Security Analyst,Bachelors,4.1,Kolkata,Large,Healthcare,Intern,Yes,No,Tier 3,Mid,850000.0
DevOps Engineer,Bachelors,4.9,Ahmedabad,Small,Tech,Intern,No,No,Tier 1,Mid,1725000.0
DevOps Engineer,Bachelors,6.2,Hyderabad,Small,Healthcare,Intern,Yes,No,Tier 2,Mid,1211000.0
Database Administrator,PhD,2.3,Ahmedabad,Small,Healthcare,Full-time,No,Yes,Tier 2,Junior,866000.0
Database Administrator,PhD,4.2,Jaipur,Large,Healthcare,Contract,No,No,Tier 3,Mid,1361000.0
DevOps Engineer,Masters,7.6,Mumbai,Medium,Finance,Intern,Yes,No,Tier 3,Senior,2658000.0
QA Engineer,Masters,7.3,Delhi,Small,Tech,Full-time,No,Yes,Tier 1,Senior,4242000.0
Machine Learning Engineer,Bachelors,7.3,Coimbatore,Small,Tech,Full-time,Yes,Yes,Tier 1,Mid,2351000.0
UI/UX Designer,PhD,1.5,Jaipur,Large,Tech,Contract,No,No,Tier 3,Senior,1620000.0
Machine Learning Engineer,PhD,4.3,Indore,Medium,Healthcare,Intern,Yes,No,Tier 2,Junior,1030000.0
Software Engineer,PhD,3.8,Coimbatore,Large,Healthcare,Full-time,No,Yes,Tier 2,Junior,1111000.0
Machine Learning Engineer,Masters,6.3,Gurgaon,Small,Finance,Contract,Yes,Yes,Tier 2,Mid,1976000.0
QA Engineer,Masters,6.0,Jaipur,Medium,Tech,Intern,Yes,Yes,Tier 1,Mid,2465000.0
Business Analyst,PhD,5.5,Bangalore,Medium,Healthcare,Contract,No,No,Tier 2,Mid,1767000.0
Software Engineer,PhD,12.4,Gurgaon,Small,Tech,Contract,No,No,Tier 2,Senior,6098000.0
Machine Learning Engineer,PhD,4.1,Pune,Medium,Finance,Full-time,Yes,Yes,Tier 3,Senior,2448000.0
QA Engineer,Masters,3.8,Jaipur,Medium,Finance,Full-time,No,No,Tier 2,Junior,987000.0
UI/UX Designer,PhD,1.5,Gurgaon,Large,Finance,Full-time,No,Yes,Tier 3,Senior,1634000.0
Machine Learning Engineer,PhD,0.4,Hyderabad,Small,Tech,Contract,No,No,Tier 2,Junior,673000.0
QA Engineer,Bachelors,1.3,Coimbatore,Small,Healthcare,Full-time,Yes,Yes,Tier 1,Senior,1051000.0
Frontend Developer,Bachelors,2.8,Chennai,Small,Healthcare,Contract,Yes,Yes,Tier 2,Junior,600000.0
DevOps Engineer,Masters,8.9,Chennai,Small,Finance,Contract,No,No,Tier 2,Mid,2419000.0
Database Administrator,PhD,5.1,Hyderabad,Small,Healthcare,Full-time,No,No,Tier 3,Senior,2187000.0
Frontend Developer,PhD,5.6,Thiruvananthapuram,Medium,Finance,Intern,Yes,No,Tier 3,Junior,1348000.0
Security Analyst,Bachelors,4.7,Pune,Large,Tech,Intern,No,No,Tier 3,Senior,1848000.0
DevOps Engineer,Masters,6.1,Indore,Small,Finance,Intern,Yes,No,Tier 2,Mid,1757000.0
Security Analyst,Bachelors,9.2,Pune,Large,Tech,Contract,No,No,Tier 2,Junior,1610000.0
Blockchain Developer,Bachelors,0.0,Bangalore,Large,Finance,Contract,No,Yes,Tier 1,Senior,944000.0
Data Scientist,Bachelors,8.7,Mumbai,Medium,Healthcare,Contract,No,No,Tier 2,Senior,2317000.0
Database Administrator,Bachelors,0.0,Ahmedabad,Small,Healthcare,Full-time,Yes,Yes,Tier 1,Mid,514000.0
Frontend Developer,PhD,5.1,Coimbatore,Medium,Finance,Contract,Yes,Yes,Tier 3,Mid,1955000.0
Data Scientist,PhD,11.6,Pune,Small,Healthcare,Full-time,Yes,No,Tier 3,Junior,1872000.0
Data Scientist,Bachelors,7.0,Delhi,Medium,Healthcare,Full-time,Yes,Yes,Tier 3,Senior,1881000.0
UI/UX Designer,Masters,6.1,Bangalore,Large,Healthcare,Intern,No,Yes,Tier 1,Senior,2811000.0
DevOps Engineer,Masters,11.0,Noida,Small,Tech,Intern,No,No,Tier 2,Mid,3105000.0
Database Administrator,Masters,2.9,Kolkata,Large,Healthcare,Intern,Yes,No,Tier 3,Mid,847000.0
Blockchain Developer,Masters,6.3,Noida,Large,Tech,Full-time,No,No,Tier 2,Junior,1473000.0
Security Analyst,Bachelors,6.7,Indore,Medium,Finance,Full-time,No,Yes,Tier 2,Senior,2582000.0
QA Engineer,PhD,3.4,Bangalore,Small,Healthcare,Full-time,Yes,No,Tier 3,Senior,1642000.0
Software Engineer,Masters,3.7,Coimbatore,Large,Healthcare,Contract,No,No,Tier 1,Junior,941000.0
QA Engineer,Bachelors,3.4,Gurgaon,Medium,Healthcare,Full-time,No,No,Tier 2,Junior,634000.0
Software Engineer,Masters,5.3,Jaipur,Small,Finance,Intern,Yes,No,Tier 3,Mid,1457000.0
Frontend Developer,Masters,6.6,Ahmedabad,Small,Tech,Intern,No,Yes,Tier 2,Mid,2342000.0
Product Manager,Bachelors,5.4,Kolkata,Large,Tech,Full-time,No,No,Tier 2,Junior,1109000.0
Database Administrator,PhD,7.1,Noida,Small,Healthcare,Full-time,No,Yes,Tier 2,Junior,1650000.0
QA Engineer,PhD,0.0,Thiruvananthapuram,Large,Finance,Intern,Yes,No,Tier 2,Senior,1035000.0
Machine Learning Engineer,Bachelors,4.3,Kolkata,Small,Finance,Full-time,Yes,Yes,Tier 2,Junior,923000.0
Database Administrator,PhD,1.9,Delhi,Medium,Finance,Intern,No,Yes,Tier 1,Junior,1156000.0
Machine Learning Engineer,Bachelors,5.9,Delhi,Large,Finance,Contract,No,Yes,Tier 1,Senior,2800000.0
Mobile Developer,Bachelors,5.9,Gurgaon,Large,Finance,Intern,No,No,Tier 3,Junior,979000.0
DevOps Engineer,Bachelors,4.7,Indore,Small,Tech,Contract,Yes,Yes,Tier 1,Mid,1757000.0
Software Engineer,PhD,6.5,Delhi,Small,Tech,Full-time,Yes,No,Tier 1,Mid,2957000.0
Database Administrator,Bachelors,8.0,Bangalore,Large,Tech,Full-time,Yes,No,Tier 1,Senior,3260000.0
Software Engineer,Masters,4.8,Ahmedabad,Small,Healthcare,Contract,No,No,Tier 2,Junior,927000.0
Database Administrator,PhD,1.8,Coimbatore,Medium,Finance,Full-time,No,No,Tier 2,Mid,1220000.0
Technical Writer,PhD,0.3,Gurgaon,Small,Healthcare,Contract,No,No,Tier 3,Mid,624000.0
Business Analyst,PhD,5.1,Bangalore,Medium,Finance,Full-time,No,Yes,Tier 3,Mid,2058000.0
DevOps Engineer,PhD,5.7,Chennai,Medium,Tech,Intern,No,No,Tier 3,Mid,2192000.0
UI/UX Designer,Masters,2.1,Thiruvananthapuram,Medium,Healthcare,Full-time,Yes,Yes,Tier 2,Junior,633000.0
Mobile Developer,PhD,7.2,Jaipur,Medium,Tech,Intern,No,Yes,Tier 1,Junior,2625000.0
UI/UX Designer,PhD,3.6,Nagpur,Medium,Finance,Intern,No,Yes,Tier 1,Junior,1557000.0
Frontend Developer,Bachelors,0.0,Jaipur,Small,Finance,Contract,No,Yes,Tier 2,Junior,399000.0
Frontend Developer,PhD,8.8,Delhi,Medium,Finance,Full-time,Yes,Yes,Tier 3,Mid,2848000.0
UI/UX Designer,Masters,8.4,Chennai,Small,Tech,Contract,No,Yes,Tier 3,Senior,3612000.0
UI/UX Designer,Masters,0.0,Pune,Medium,Finance,Full-time,Yes,Yes,Tier 3,Senior,828000.0
Blockchain Developer,Masters,3.3,Pune,Large,Tech,Intern,Yes,No,Tier 2,Mid,1327000.0
DevOps Engineer,Masters,3.2,Coimbatore,Medium,Healthcare,Intern,Yes,Yes,Tier 3,Mid,980000.0
UI/UX Designer,PhD,9.9,Delhi,Large,Finance,Full-time,Yes,No,Tier 3,Senior,4044000.0
Machine Learning Engineer,PhD,4.7,Noida,Medium,Finance,Full-time,Yes,Yes,Tier 2,Senior,2921000.0
Business Analyst,Masters,0.5,Bangalore,Medium,Finance,Contract,No,Yes,Tier 1,Mid,925000.0
Business Analyst,Masters,7.6,Delhi,Medium,Healthcare,Full-time,No,Yes,Tier 2,Mid,1939000.0
Data Scientist,PhD,1.3,Mumbai,Large,Finance,Full-time,Yes,Yes,Tier 2,Junior,816000.0
Product Manager,Masters,4.2,Kolkata,Large,Tech,Full-time,Yes,No,Tier 2,Junior,1083000.0
Frontend Developer,Bachelors,2.7,Coimbatore,Medium,Tech,Contract,Yes,No,Tier 2,Senior,1430000.0
Software Engineer,Masters,3.3,Jaipur,Small,Finance,Full-time,No,No,Tier 1,Mid,1514000.0
Technical Writer,Masters,7.8,Pune,Medium,Finance,Intern,No,Yes,Tier 3,Senior,3136000.0
Backend Developer,Bachelors,9.6,Thiruvananthapuram,Large,Healthcare,Contract,Yes,Yes,Tier 2,Junior,1304000.0
Database Administrator,Bachelors,1.2,Hyderabad,Medium,Healthcare,Contract,No,Yes,Tier 1,Junior,541000.0
Software Engineer,PhD,6.9,Nagpur,Large,Healthcare,Intern,No,No,Tier 3,Senior,2673000.0
Product Manager,PhD,2.8,Pune,Large,Finance,Intern,Yes,Yes,Tier 3,Junior,1000000.0
Technical Writer,Bachelors,2.9,Coimbatore,Large,Healthcare,Intern,Yes,No,Tier 3,Mid,706000.0
Blockchain Developer,Bachelors,6.5,Jaipur,Medium,Healthcare,Full-time,No,No,Tier 2,Senior,1881000.0
Database Administrator,PhD,1.9,Coimbatore,Large,Tech,Intern,No,Yes,Tier 2,Mid,1494000.0
DevOps Engineer,Masters,6.4,Kolkata,Large,Healthcare,Full-time,No,Yes,Tier 3,Mid,1563000.0
QA Engineer,Bachelors,7.2,Jaipur,Medium,Tech,Contract,Yes,No,Tier 3,Junior,1163000.0
DevOps Engineer,PhD,3.7,Indore,Large,Tech,Contract,Yes,No,Tier 3,Mid,1604000.0
Database Administrator,Masters,9.0,Hyderabad,Medium,Healthcare,Intern,Yes,No,Tier 3,Senior,2462000.0
Software Engineer,Bachelors,1.2,Delhi,Large,Tech,Full-time,No,Yes,Tier 3,Mid,776000.0
Database Administrator,Masters,9.0,Indore,Small,Finance,Intern,No,Yes,Tier 3,Mid,2439000.0
Software Engineer,PhD,0.0,Chennai,Small,Finance,Intern,Yes,Yes,Tier 1,Mid,941000.0
Technical Writer,Bachelors,13.1,Thiruvananthapuram,Large,Healthcare,Full-time,No,Yes,Tier 3,Mid,2231000.0
Technical Writer,Masters,3.8,Hyderabad,Small,Finance,Intern,Yes,Yes,Tier 2,Mid,1445000.0
Frontend Developer,Bachelors,1.5,Jaipur,Medium,Tech,Contract,No,Yes,Tier 2,Junior,653000.0
Blockchain Developer,Masters,4.3,Jaipur,Small,Finance,Intern,Yes,No,Tier 2,Senior,2014000.0
Frontend Developer,PhD,1.9,Mumbai,Large,Healthcare,Full-time,No,No,Tier 3,Junior,662000.0
Product Manager,PhD,6.2,Gurgaon,Large,Healthcare,Full-time,No,No,Tier 2,Senior,2732000.0
UI/UX Designer,Bachelors,9.1,Mumbai,Medium,Tech,Contract,Yes,Yes,Tier 1,Senior,3945000.0
DevOps Engineer,Masters,2.0,Ahmedabad,Large,Healthcare,Full-time,Yes,No,Tier 3,Senior,1026000.0
Technical Writer,Bachelors,6.7,Mumbai,Medium,Finance,Full-time,Yes,Yes,Tier 2,Senior,2453000.0
Security Analyst,Bachelors,0.4,Bangalore,Small,Healthcare,Contract,Yes,Yes,Tier 1,Senior,831000.0
Product Manager,Masters,8.1,Chennai,Small,Tech,Intern,Yes,No,Tier 1,Mid,2764000.0
Machine Learning Engineer,Masters,6.2,Indore,Medium,Healthcare,Contract,No,Yes,Tier 2,Junior,1202000.0
Blockchain Developer,Masters,8.2,Kolkata,Medium,Finance,Intern,Yes,No,Tier 1,Junior,1826000.0
Software Engineer,PhD,4.6,Indore,Large,Tech,Contract,Yes,No,Tier 2,Mid,2001000.0
Frontend Developer,Bachelors,3.7,Indore,Small,Finance,Intern,Yes,Yes,Tier 1,Senior,2002000.0
Product Manager,Bachelors,7.4,Hyderabad,Medium,Tech,Contract,Yes,No,Tier 3,Junior,1186000.0
Backend Developer,PhD,1.1,Jaipur,Small,Healthcare,Intern,Yes,No,Tier 3,Mid,736000.0
DevOps Engineer,Masters,0.0,Ahmedabad,Medium,Tech,Contract,No,No,Tier 3,Mid,605000.0
Technical Writer,PhD,5.0,Ahmedabad,Small,Tech,Intern,Yes,No,Tier 3,Junior,1368000.0
Software Engineer,PhD,3.8,Kolkata,Large,Healthcare,Contract,Yes,Yes,Tier 3,Junior,959000.0
QA Engineer,PhD,6.7,Chennai,Small,Finance,Full-time,Yes,No,Tier 2,Senior,3345000.0
Backend Developer,Bachelors,8.3,Hyderabad,Small,Healthcare,Intern,No,No,Tier 3,Senior,2034000.0
Blockchain Developer,PhD,6.6,Pune,Small,Tech,Contract,No,No,Tier 3,Junior,1728000.0
Product Manager,Bachelors,8.0,Coimbatore,Small,Healthcare,Intern,Yes,Yes,Tier 3,Senior,2069000.0
Database Administrator,Bachelors,6.0,Mumbai,Small,Tech,Intern,Yes,No,Tier 3,Mid,1436000.0
Mobile Developer,Bachelors,6.5,Coimbatore,Large,Healthcare,Contract,No,Yes,Tier 1,Senior,2445000.0
Software Engineer,Masters,4.7,Coimbatore,Medium,Healthcare,Intern,No,No,Tier 3,Senior,1663000.0
Database Administrator,Bachelors,6.4,Delhi,Small,Finance,Contract,No,No,Tier 3,Mid,1448000.0
DevOps Engineer,Bachelors,5.5,Coimbatore,Large,Tech,Full-time,Yes,No,Tier 2,Senior,2132000.0
Database Administrator,Masters,6.0,Ahmedabad,Small,Finance,Intern,Yes,Yes,Tier 1,Mid,2259000.0
Data Scientist,Bachelors,4.5,Mumbai,Small,Tech,Full-time,No,Yes,Tier 2,Senior,2178000.0
Security Analyst,PhD,7.4,Mumbai,Medium,Healthcare,Intern,Yes,Yes,Tier 3,Junior,1467000.0
Cloud Architect,PhD,2.9,Bangalore,Small,Tech,Intern,No,Yes,Tier 2,Senior,2570000.0
Backend Developer,Bachelors,4.9,Chennai,Large,Finance,Intern,No,Yes,Tier 2,Junior,1051000.0
UI/UX Designer,Masters,8.9,Delhi,Large,Finance,Contract,No,Yes,Tier 3,Junior,1728000.0
Cloud Architect,PhD,2.2,Coimbatore,Medium,Finance,Full-time,Yes,No,Tier 1,Junior,1060000.0
DevOps Engineer,Masters,0.0,Gurgaon,Small,Tech,Intern,No,Yes,Tier 1,Junior,618000.0
Machine Learning Engineer,Masters,6.1,Pune,Large,Finance,Contract,No,No,Tier 2,Junior,1321000.0
Frontend Developer,PhD,4.2,Indore,Small,Finance,Intern,Yes,Yes,Tier 3,Mid,1738000.0
Machine Learning Engineer,Masters,8.0,Jaipur,Small,Finance,Contract,No,Yes,Tier 2,Mid,2460000.0
Data Scientist,PhD,4.6,Bangalore,Small,Healthcare,Intern,Yes,Yes,Tier 2,Mid,1651000.0
Database Administrator,Masters,3.2,Mumbai,Medium,Healthcare,Full-time,No,No,Tier 2,Junior,737000.0
Backend Developer,PhD,4.8,Mumbai,Small,Tech,Full-time,Yes,Yes,Tier 3,Senior,2934000.0
UI/UX Designer,Bachelors,8.3,Noida,Large,Tech,Intern,No,Yes,Tier 3,Mid,2088000.0
Mobile Developer,PhD,6.7,Delhi,Small,Finance,Contract,No,No,Tier 1,Senior,4161000.0
Data Scientist,PhD,0.0,Coimbatore,Large,Healthcare,Intern,No,No,Tier 3,Senior,810000.0
Backend Developer,PhD,5.6,Thiruvananthapuram,Small,Finance,Contract,No,No,Tier 2,Junior,1561000.0
Business Analyst,PhD,5.7,Delhi,Large,Finance,Intern,No,No,Tier 2,Junior,1579000.0
Cloud Architect,Masters,4.9,Noida,Large,Healthcare,Contract,Yes,Yes,Tier 1,Junior,1159000.0
Data Scientist,Bachelors,3.2,Nagpur,Small,Healthcare,Full-time,Yes,No,Tier 3,Mid,742000.0
Cloud Architect,PhD,8.6,Indore,Small,Healthcare,Intern,No,Yes,Tier 2,Junior,1895000.0
Software Engineer,Masters,8.7,Delhi,Large,Tech,Full-time,No,Yes,Tier 1,Mid,3373000.0
Machine Learning Engineer,Bachelors,0.0,Mumbai,Medium,Tech,Full-time,No,No,Tier 1,Mid,655000.0
Software Engineer,Bachelors,2.6,Ahmedabad,Small,Finance,Intern,Yes,Yes,Tier 2,Mid,991000.0
Security Analyst,Bachelors,4.6,Hyderabad,Medium,Tech,Intern,Yes,No,Tier 2,Mid,1334000.0
Business Analyst,Bachelors,7.8,Mumbai,Small,Healthcare,Contract,No,Yes,Tier 3,Junior,1069000.0
UI/UX Designer,PhD,5.1,Bangalore,Small,Healthcare,Contract,Yes,No,Tier 1,Mid,1891000.0
Database Administrator,PhD,2.9,Chennai,Small,Tech,Full-time,No,No,Tier 2,Junior,1168000.0
Mobile Developer,Masters,7.1,Nagpur,Small,Finance,Contract,No,No,Tier 1,Junior,1733000.0
Blockchain Developer,Masters,4.4,Noida,Medium,Finance,Contract,No,No,Tier 3,Mid,1368000.0
Cloud Architect,Masters,4.6,Pune,Small,Tech,Intern,Yes,No,Tier 2,Junior,1144000.0
Mobile Developer,Bachelors,4.9,Jaipur,Large,Finance,Contract,No,No,Tier 3,Senior,1738000.0
Cloud Architect,Bachelors,6.7,Pune,Large,Finance,Full-time,No,Yes,Tier 1,Junior,1526000.0
DevOps Engineer,PhD,4.1,Thiruvananthapuram,Medium,Finance,Contract,No,Yes,Tier 3,Junior,1289000.0
Data Scientist,Bachelors,7.1,Mumbai,Small,Healthcare,Full-time,Yes,Yes,Tier 3,Mid,1330000.0
Security Analyst,Bachelors,4.8,Bangalore,Large,Healthcare,Intern,Yes,No,Tier 1,Mid,1214000.0
Machine Learning Engineer,Bachelors,1.8,Coimbatore,Medium,Tech,Full-time,Yes,Yes,Tier 3,Junior,602000.0
Blockchain Developer,Masters,4.9,Mumbai,Small,Healthcare,Contract,No,No,Tier 1,Mid,1553000.0
Technical Writer,Masters,2.0,Chennai,Large,Finance,Intern,Yes,Yes,Tier 2,Senior,1517000.0
Cloud Architect,PhD,5.1,Ahmedabad,Large,Healthcare,Contract,No,Yes,Tier 1,Senior,3127000.0
Mobile Developer,Bachelors,7.5,Indore,Medium,Tech,Intern,Yes,No,Tier 1,Mid,2179000.0
Security Analyst,Bachelors,1.8,Gurgaon,Small,Healthcare,Intern,No,Yes,Tier 2,Junior,523000.0
QA Engineer,PhD,6.1,Jaipur,Small,Finance,Contract,Yes,Yes,Tier 1,Senior,4080000.0
Blockchain Developer,Bachelors,2.5,Chennai,Large,Finance,Contract,No,Yes,Tier 2,Senior,1464000.0
QA Engineer,Bachelors,5.6,Noida,Large,Tech,Intern,Yes,No,Tier 2,Junior,1078000.0
Software Engineer,Masters,7.6,Coimbatore,Large,Healthcare,Intern,Yes,Yes,Tier 1,Mid,2177000.0
Machine Learning Engineer,PhD,0.0,Noida,Small,Healthcare,Contract,Yes,No,Tier 3,Senior,770000.0
Database Administrator,PhD,1.7,Mumbai,Medium,Healthcare,Full-time,No,Yes,Tier 3,Junior,698000.0
Frontend Developer,PhD,3.9,Bangalore,Medium,Finance,Contract,Yes,Yes,Tier 2,Junior,1309000.0
Database Administrator,PhD,5.9,Chennai,Small,Tech,Intern,Yes,Yes,Tier 3,Senior,3348000.0
Frontend Developer,Masters,4.5,Kolkata,Medium,Healthcare,Contract,Yes,Yes,Tier 3,Mid,1185000.0
Technical Writer,Masters,4.9,Coimbatore,Large,Finance,Full-time,Yes,No,Tier 1,Senior,2576000.0
DevOps Engineer,Bachelors,11.1,Thiruvananthapuram,Medium,Finance,Contract,No,Yes,Tier 2,Junior,1877000.0
Mobile Developer,Bachelors,1.4,Bangalore,Medium,Finance,Intern,Yes,No,Tier 2,Senior,1012000.0
Backend Developer,Bachelors,8.4,Ahmedabad,Medium,Healthcare,Contract,No,No,Tier 1,Mid,1867000.0
Technical Writer,Bachelors,4.0,Coimbatore,Large,Healthcare,Intern,No,Yes,Tier 3,Junior,693000.0
Data Scientist,Masters,6.6,Noida,Small,Healthcare,Intern,No,Yes,Tier 2,Mid,1756000.0
Data Scientist,PhD,11.4,Coimbatore,Large,Healthcare,Contract,No,No,Tier 3,Senior,3888000.0
Database Administrator,Masters,7.1,Gurgaon,Small,Healthcare,Intern,Yes,No,Tier 2,Senior,2280000.0
Mobile Developer,Bachelors,6.1,Mumbai,Small,Healthcare,Intern,No,Yes,Tier 2,Mid,1387000.0
Backend Developer,Masters,9.8,Delhi,Small,Healthcare,Full-time,No,Yes,Tier 2,Senior,3345000.0
UI/UX Designer,PhD,8.4,Noida,Medium,Healthcare,Full-time,No,Yes,Tier 2,Mid,2607000.0
DevOps Engineer,PhD,2.6,Gurgaon,Medium,Healthcare,Full-time,No,Yes,Tier 3,Senior,1663000.0
Security Analyst,Masters,5.9,Thiruvananthapuram,Small,Finance,Full-time,Yes,Yes,Tier 3,Mid,1719000.0
Cloud Architect,Masters,0.0,Nagpur,Small,Healthcare,Intern,Yes,No,Tier 3,Mid,431000.0
Backend Developer,Masters,3.4,Jaipur,Medium,Tech,Contract,No,Yes,Tier 3,Junior,1014000.0
Frontend Developer,Bachelors,5.9,Hyderabad,Large,Finance,Intern,No,Yes,Tier 1,Junior,1400000.0
Blockchain Developer,Masters,3.2,Delhi,Small,Healthcare,Intern,No,No,Tier 2,Mid,1031000.0
UI/UX Designer,Masters,5.8,Mumbai,Large,Tech,Intern,Yes,Yes,Tier 2,Senior,2913000.0
Cloud Architect,Masters,5.0,Kolkata,Medium,Healthcare,Contract,Yes,Yes,Tier 2,Senior,1986000.0
Cloud Architect,PhD,6.6,Delhi,Small,Tech,Full-time,Yes,No,Tier 1,Senior,4268000.0
UI/UX Designer,PhD,3.7,Jaipur,Large,Tech,Intern,Yes,Yes,Tier 3,Mid,1764000.0
Software Engineer,Bachelors,2.2,Bangalore,Large,Tech,Intern,Yes,No,Tier 2,Mid,913000.0
QA Engineer,Bachelors,9.4,Kolkata,Large,Tech,Full-time,No,Yes,Tier 3,Mid,2292000.0
Cloud Architect,PhD,3.5,Noida,Medium,Finance,Intern,Yes,Yes,Tier 3,Mid,1569000.0
UI/UX Designer,PhD,7.0,Kolkata,Medium,Finance,Contract,Yes,Yes,Tier 1,Junior,2242000.0
Backend Developer,PhD,9.3,Chennai,Large,Tech,Intern,No,No,Tier 1,Mid,4029000.0
UI/UX Designer,Masters,5.5,Jaipur,Large,Healthcare,Intern,Yes,No,Tier 3,Senior,1744000.0
Business Analyst,Masters,2.4,Nagpur,Medium,Tech,Full-time,Yes,No,Tier 2,Junior,813000.0
Technical Writer,PhD,4.5,Coimbatore,Large,Finance,Intern,Yes,No,Tier 2,Senior,2586000.0
Product Manager,Masters,8.1,Gurgaon,Large,Healthcare,Intern,No,Yes,Tier 1,Mid,2400000.0
Software Engineer,Masters,5.6,Delhi,Medium,Finance,Contract,Yes,No,Tier 1,Junior,1402000.0
Machine Learning Engineer,Bachelors,1.4,Chennai,Large,Finance,Full-time,No,No,Tier 1,Mid,881000.0
Product Manager,PhD,6.8,Indore,Large,Healthcare,Full-time,No,No,Tier 1,Junior,1720000.0
Technical Writer,PhD,7.3,Kolkata,Large,Tech,Contract,Yes,Yes,Tier 1,Senior,5037000.0
Technical Writer,Masters,3.9,Chennai,Medium,Tech,Intern,Yes,Yes,Tier 1,Mid,1890000.0
Technical Writer,PhD,6.8,Thiruvananthapuram,Large,Tech,Full-time,Yes,No,Tier 1,Mid,3050000.0
Product Manager,Bachelors,5.7,Pune,Medium,Tech,Full-time,Yes,No,Tier 2,Junior,1091000.0
Mobile Developer,Bachelors,4.4,Jaipur,Medium,Healthcare,Intern,No,Yes,Tier 1,Junior,952000.0
QA Engineer,Bachelors,1.1,Gurgaon,Small,Healthcare,Intern,Yes,No,Tier 1,Mid,638000.0
UI/UX Designer,PhD,8.2,Ahmedabad,Small,Healthcare,Full-time,No,No,Tier 2,Junior,1663000.0
Blockchain Developer,PhD,7.3,Bangalore,Large,Finance,Intern,No,No,Tier 2,Mid,2617000.0
Database Administrator,PhD,6.8,Kolkata,Medium,Healthcare,Full-time,No,No,Tier 3,Junior,1323000.0
QA Engineer,PhD,9.6,Jaipur,Small,Tech,Intern,No,Yes,Tier 1,Senior,6486000.0
Frontend Developer,PhD,7.8,Ahmedabad,Large,Finance,Intern,No,Yes,Tier 1,Junior,2548000.0
Backend Developer,Bachelors,7.1,Ahmedabad,Small,Tech,Contract,Yes,Yes,Tier 1,Senior,3293000.0
DevOps Engineer,Masters,0.0,Indore,Small,Tech,Intern,No,No,Tier 1,Junior,562000.0
Mobile Developer,Bachelors,8.6,Mumbai,Medium,Healthcare,Contract,No,No,Tier 3,Junior,1044000.0
Machine Learning Engineer,PhD,5.2,Gurgaon,Medium,Healthcare,Intern,Yes,Yes,Tier 2,Mid,1781000.0
QA Engineer,Bachelors,5.9,Chennai,Small,Tech,Full-time,Yes,Yes,Tier 2,Junior,1228000.0
Database Administrator,PhD,6.0,Ahmedabad,Small,Tech,Full-time,No,Yes,Tier 1,Junior,2317000.0
Blockchain Developer,PhD,7.3,Pune,Medium,Finance,Intern,No,No,Tier 1,Senior,4419000.0
Data Scientist,Bachelors,8.4,Indore,Large,Healthcare,Intern,Yes,Yes,Tier 1,Junior,1394000.0
Technical Writer,PhD,6.9,Jaipur,Medium,Finance,Full-time,No,No,Tier 3,Mid,2287000.0
Cloud Architect,Masters,6.4,Indore,Small,Finance,Intern,Yes,No,Tier 3,Senior,2358000.0
Frontend Developer,PhD,5.7,Hyderabad,Large,Finance,Contract,Yes,Yes,Tier 2,Mid,2310000.0
DevOps Engineer,Masters,0.0,Hyderabad,Small,Tech,Contract,No,Yes,Tier 1,Mid,865000.0
Software Engineer,Masters,4.1,Coimbatore,Large,Finance,Contract,Yes,No,Tier 1,Mid,1620000.0
Machine Learning Engineer,PhD,2.2,Indore,Small,Finance,Contract,No,Yes,Tier 1,Mid,1718000.0
Backend Developer,Bachelors,8.6,Thiruvananthapuram,Large,Tech,Contract,No,Yes,Tier 1,Senior,3981000.0
DevOps Engineer,Masters,6.9,Coimbatore,Large,Healthcare,Intern,No,No,Tier 3,Junior,1069000.0
Technical Writer,Bachelors,3.6,Kolkata,Small,Healthcare,Intern,Yes,No,Tier 2,Mid,869000.0
Cloud Architect,Masters,3.9,Coimbatore,Large,Finance,Contract,No,No,Tier 2,Senior,2004000.0
Mobile Developer,PhD,3.8,Noida,Medium,Tech,Intern,Yes,No,Tier 3,Mid,1628000.0
Cloud Architect,PhD,3.8,Chennai,Small,Healthcare,Intern,No,No,Tier 1,Junior,1193000.0
Product Manager,Masters,0.7,Noida,Medium,Finance,Contract,No,Yes,Tier 2,Senior,1182000.0
Cloud Architect,PhD,0.0,Ahmedabad,Small,Finance,Intern,Yes,No,Tier 2,Senior,1035000.0
Product Manager,Masters,5.1,Jaipur,Large,Tech,Intern,No,No,Tier 3,Junior,1166000.0
Frontend Developer,PhD,8.2,Kolkata,Large,Finance,Intern,No,No,Tier 1,Senior,4805000.0
Mobile Developer,Bachelors,3.4,Delhi,Large,Healthcare,Contract,Yes,Yes,Tier 2,Junior,662000.0
Backend Developer,PhD,5.9,Ahmedabad,Small,Tech,Intern,Yes,No,Tier 1,Senior,3957000.0
Security Analyst,Bachelors,7.2,Chennai,Medium,Healthcare,Full-time,Yes,No,Tier 2,Senior,1919000.0
Technical Writer,PhD,2.0,Hyderabad,Medium,Healthcare,Full-time,No,No,Tier 3,Junior,675000.0
Product Manager,Bachelors,4.9,Gurgaon,Small,Healthcare,Contract,Yes,Yes,Tier 1,Junior,966000.0
Software Engineer,PhD,3.0,Thiruvananthapuram,Small,Finance,Full-time,Yes,No,Tier 3,Senior,1881000.0
Cloud Architect,Bachelors,9.8,Coimbatore,Medium,Finance,Contract,No,No,Tier 2,Senior,3098000.0
Cloud Architect,Masters,9.7,Mumbai,Medium,Healthcare,Full-time,Yes,No,Tier 3,Junior,1303000.0
Software Engineer,Masters,2.0,Jaipur,Medium,Healthcare,Full-time,No,Yes,Tier 3,Junior,594000.0
Backend Developer,Bachelors,6.2,Bangalore,Medium,Tech,Full-time,No,Yes,Tier 3,Senior,2429000.0
Data Scientist,PhD,8.2,Gurgaon,Small,Tech,Contract,Yes,Yes,Tier 2,Senior,4635000.0
Database Administrator,Bachelors,7.5,Noida,Small,Finance,Contract,No,Yes,Tier 1,Senior,3303000.0
Frontend Developer,PhD,5.2,Coimbatore,Large,Finance,Intern,Yes,No,Tier 3,Junior,1285000.0
UI/UX Designer,Masters,8.9,Kolkata,Medium,Tech,Contract,Yes,No,Tier 1,Senior,4233000.0
Database Administrator,PhD,2.3,Noida,Large,Healthcare,Full-time,Yes,Yes,Tier 2,Mid,1151000.0
Security Analyst,Masters,4.1,Jaipur,Small,Finance,Full-time,Yes,Yes,Tier 1,Junior,1273000.0
Machine Learning Engineer,PhD,2.4,Noida,Small,Healthcare,Contract,No,No,Tier 3,Senior,1458000.0
Blockchain Developer,PhD,7.3,Jaipur,Large,Tech,Contract,No,No,Tier 3,Junior,1854000.0
Product Manager,PhD,3.3,Noida,Medium,Finance,Contract,Yes,Yes,Tier 3,Mid,1521000.0
Software Engineer,Bachelors,4.5,Gurgaon,Medium,Finance,Intern,Yes,Yes,Tier 3,Junior,862000.0
Database Administrator,Bachelors,6.9,Indore,Medium,Tech,Full-time,No,Yes,Tier 3,Senior,2614000.0
Blockchain Developer,Masters,7.1,Pune,Medium,Finance,Intern,Yes,Yes,Tier 3,Mid,1950000.0
Mobile Developer,Masters,2.3,Gurgaon,Large,Tech,Intern,No,No,Tier 2,Mid,1175000.0
Database Administrator,Bachelors,8.2,Indore,Large,Finance,Full-time,Yes,Yes,Tier 2,Senior,2832000.0
Backend Developer,Masters,6.4,Delhi,Small,Tech,Full-time,No,Yes,Tier 2,Senior,3276000.0
Product Manager,Bachelors,1.8,Ahmedabad,Medium,Finance,Contract,No,No,Tier 1,Senior,1373000.0
UI/UX Designer,PhD,1.0,Ahmedabad,Medium,Healthcare,Contract,No,No,Tier 1,Junior,702000.0
Blockchain Developer,Masters,5.0,Chennai,Medium,Healthcare,Intern,Yes,No,Tier 2,Junior,903000.0
Mobile Developer,Masters,7.6,Thiruvananthapuram,Large,Healthcare,Contract,Yes,No,Tier 1,Junior,1414000.0
DevOps Engineer,Bachelors,7.6,Thiruvananthapuram,Medium,Finance,Contract,Yes,No,Tier 1,Senior,2880000.0
Technical Writer,Masters,6.1,Coimbatore,Large,Finance,Full-time,Yes,Yes,Tier 3,Senior,2511000.0
Cloud Architect,Masters,5.1,Gurgaon,Medium,Healthcare,Full-time,Yes,Yes,Tier 3,Junior,914000.0
Database Administrator,PhD,6.5,Gurgaon,Medium,Healthcare,Contract,No,Yes,Tier 1,Mid,2568000.0
DevOps Engineer,Masters,2.4,Bangalore,Small,Tech,Full-time,No,No,Tier 1,Junior,1011000.0
Product Manager,PhD,10.1,Bangalore,Medium,Tech,Contract,No,Yes,Tier 2,Mid,3994000.0
UI/UX Designer,Bachelors,10.0,Thiruvananthapuram,Medium,Tech,Full-time,No,No,Tier 1,Senior,4056000.0
Security Analyst,Masters,6.3,Chennai,Small,Healthcare,Full-time,No,Yes,Tier 3,Senior,2210000.0
Blockchain Developer,PhD,5.6,Mumbai,Large,Healthcare,Full-time,No,Yes,Tier 1,Junior,1660000.0
Frontend Developer,Bachelors,3.8,Ahmedabad,Large,Healthcare,Full-time,No,No,Tier 2,Junior,673000.0
Technical Writer,Masters,6.6,Mumbai,Medium,Tech,Contract,Yes,No,Tier 3,Senior,2627000.0
Product Manager,Bachelors,2.9,Coimbatore,Large,Finance,Intern,No,Yes,Tier 3,Junior,714000.0
Backend Developer,Masters,0.0,Jaipur,Medium,Healthcare,Full-time,Yes,Yes,Tier 3,Senior,677000.0
Software Engineer,Bachelors,0.0,Thiruvananthapuram,Small,Finance,Contract,No,Yes,Tier 3,Senior,726000.0
Frontend Developer,Bachelors,2.6,Thiruvananthapuram,Small,Finance,Contract,No,Yes,Tier 1,Mid,1233000.0
Frontend Developer,PhD,5.5,Jaipur,Medium,Finance,Full-time,Yes,Yes,Tier 2,Junior,1612000.0
Frontend Developer,Bachelors,6.0,Nagpur,Small,Tech,Intern,No,No,Tier 1,Senior,2808000.0
QA Engineer,Masters,3.5,Hyderabad,Small,Finance,Full-time,Yes,No,Tier 1,Junior,1060000.0
Product Manager,Masters,5.4,Noida,Medium,Healthcare,Contract,No,No,Tier 3,Mid,1270000.0
Technical Writer,PhD,4.2,Bangalore,Medium,Tech,Intern,Yes,No,Tier 2,Mid,1896000.0
Database Administrator,Masters,2.0,Hyderabad,Small,Healthcare,Contract,No,Yes,Tier 3,Junior,594000.0
Cloud Architect,Masters,4.8,Delhi,Large,Healthcare,Full-time,Yes,Yes,Tier 1,Junior,1144000.0
Cloud Architect,Masters,7.4,Chennai,Large,Tech,Intern,Yes,No,Tier 1,Senior,3699000.0
Database Administrator,Bachelors,2.1,Chennai,Medium,Healthcare,Contract,No,Yes,Tier 3,Mid,707000.0
Product Manager,Bachelors,2.1,Jaipur,Medium,Healthcare,Contract,No,No,Tier 1,Mid,835000.0
Mobile Developer,Masters,1.8,Gurgaon,Large,Tech,Contract,Yes,Yes,Tier 1,Mid,1315000.0
QA Engineer,PhD,0.0,Ahmedabad,Small,Healthcare,Full-time,No,Yes,Tier 3,Junior,446000.0
Software Engineer,Bachelors,3.6,Mumbai,Large,Finance,Intern,Yes,Yes,Tier 1,Senior,1973000.0
Frontend Developer,PhD,7.1,Bangalore,Large,Healthcare,Full-time,No,No,Tier 2,Junior,1500000.0
Frontend Developer,Masters,5.5,Hyderabad,Large,Finance,Full-time,Yes,No,Tier 3,Junior,1066000.0
Product Manager,Masters,4.5,Mumbai,Large,Healthcare,Full-time,No,No,Tier 2,Junior,891000.0
Mobile Developer,Bachelors,5.4,Gurgaon,Medium,Tech,Intern,Yes,No,Tier 1,Senior,2490000.0
Cloud Architect,Masters,3.5,Hyderabad,Medium,Tech,Full-time,No,Yes,Tier 1,Junior,1338000.0
Cloud Architect,Bachelors,0.0,Thiruvananthapuram,Small,Healthcare,Full-time,Yes,Yes,Tier 3,Mid,395000.0
UI/UX Designer,Masters,7.4,Indore,Small,Tech,Full-time,Yes,Yes,Tier 1,Mid,2848000.0
Product Manager,Masters,8.2,Noida,Small,Healthcare,Full-time,No,Yes,Tier 3,Mid,1863000.0
QA Engineer,Bachelors,2.8,Delhi,Small,Tech,Contract,No,No,Tier 3,Senior,1392000.0
Data Scientist,Bachelors,4.5,Nagpur,Large,Finance,Full-time,Yes,Yes,Tier 3,Junior,862000.0
QA Engineer,Bachelors,4.3,Delhi,Medium,Healthcare,Contract,Yes,Yes,Tier 3,Senior,1373000.0
Backend Developer,Masters,6.1,Mumbai,Medium,Finance,Full-time,Yes,Yes,Tier 3,Junior,1255000.0
Cloud Architect,Masters,10.1,Mumbai,Small,Finance,Intern,Yes,No,Tier 2,Mid,2530000.0
Cloud Architect,PhD,8.5,Nagpur,Small,Healthcare,Contract,No,No,Tier 3,Junior,1552000.0
DevOps Engineer,Bachelors,3.9,Mumbai,Large,Finance,Contract,Yes,No,Tier 2,Junior,793000.0
Cloud Architect,Masters,6.6,Nagpur,Large,Healthcare,Contract,Yes,Yes,Tier 1,Junior,1408000.0
Database Administrator,Masters,8.8,Hyderabad,Small,Finance,Contract,Yes,No,Tier 3,Senior,2959000.0
Software Engineer,Bachelors,6.2,Nagpur,Medium,Healthcare,Intern,No,Yes,Tier 1,Junior,1184000.0
Machine Learning Engineer,PhD,5.0,Noida,Medium,Healthcare,Full-time,Yes,Yes,Tier 3,Junior,1129000.0
Product Manager,Bachelors,6.3,Nagpur,Medium,Tech,Contract,No,Yes,Tier 2,Junior,1350000.0
Blockchain Developer,PhD,2.9,Indore,Small,Healthcare,Intern,No,No,Tier 2,Senior,1752000.0
QA Engineer,Masters,3.3,Thiruvananthapuram,Medium,Healthcare,Contract,No,No,Tier 2,Senior,1497000.0
Database Administrator,PhD,1.8,Nagpur,Large,Finance,Full-time,No,Yes,Tier 1,Senior,2265000.0
Machine Learning Engineer,Masters,5.9,Pune,Large,Healthcare,Contract,No,Yes,Tier 3,Junior,1057000.0
Database Administrator,Bachelors,4.6,Nagpur,Small,Tech,Intern,No,No,Tier 1,Mid,1660000.0
Mobile Developer,Bachelors,2.5,Mumbai,Large,Finance,Full-time,No,No,Tier 2,Mid,932000.0
Data Scientist,Bachelors,4.5,Indore,Small,Finance,Intern,Yes,No,Tier 1,Mid,1426000.0
Software Engineer,PhD,6.4,Ahmedabad,Medium,Tech,Full-time,Yes,Yes,Tier 2,Junior,1945000.0
Technical Writer,Masters,10.7,Coimbatore,Medium,Finance,Full-time,No,Yes,Tier 2,Mid,3063000.0
Database Administrator,Bachelors,8.0,Indore,Medium,Finance,Full-time,Yes,Yes,Tier 2,Mid,1947000.0
Database Administrator,Bachelors,0.0,Gurgaon,Large,Finance,Contract,Yes,No,Tier 3,Mid,439000.0
Business Analyst,Masters,5.7,Coimbatore,Small,Finance,Intern,No,No,Tier 3,Junior,1148000.0
QA Engineer,Bachelors,9.3,Bangalore,Medium,Tech,Intern,Yes,No,Tier 2,Mid,2159000.0
Machine Learning Engineer,Masters,1.0,Bangalore,Small,Tech,Intern,No,Yes,Tier 1,Mid,1153000.0
Technical Writer,Masters,6.7,Gurgaon,Medium,Finance,Full-time,Yes,Yes,Tier 1,Junior,1739000.0
Data Scientist,Masters,4.3,Indore,Large,Finance,Contract,No,No,Tier 3,Senior,1927000.0
DevOps Engineer,Masters,8.5,Hyderabad,Large,Tech,Full-time,No,Yes,Tier 2,Mid,2805000.0
Technical Writer,Masters,6.2,Gurgaon,Small,Tech,Intern,Yes,No,Tier 1,Senior,3272000.0
Software Engineer,PhD,2.3,Thiruvananthapuram,Large,Tech,Contract,Yes,Yes,Tier 2,Mid,1535000.0
Software Engineer,Bachelors,4.4,Coimbatore,Large,Finance,Contract,No,No,Tier 1,Junior,1058000.0
Blockchain Developer,PhD,4.6,Coimbatore,Small,Finance,Contract,No,Yes,Tier 3,Senior,2759000.0
DevOps Engineer,Bachelors,4.6,Mumbai,Medium,Healthcare,Intern,No,Yes,Tier 2,Senior,1655000.0
Business Analyst,PhD,8.4,Jaipur,Large,Tech,Contract,Yes,No,Tier 2,Senior,4289000.0
Product Manager,Masters,2.5,Chennai,Small,Finance,Contract,Yes,No,Tier 1,Senior,1793000.0
Technical Writer,Bachelors,8.0,Pune,Large,Tech,Full-time,Yes,No,Tier 1,Mid,2282000.0
DevOps Engineer,Bachelors,4.1,Coimbatore,Large,Finance,Full-time,Yes,No,Tier 1,Mid,1350000.0
Software Engineer,PhD,5.7,Ahmedabad,Large,Tech,Contract,No,No,Tier 2,Senior,3445000.0
Software Engineer,PhD,5.2,Gurgaon,Large,Finance,Contract,No,Yes,Tier 3,Mid,2084000.0
Machine Learning Engineer,Bachelors,4.9,Noida,Small,Healthcare,Full-time,No,No,Tier 3,Senior,1422000.0
Cloud Architect,PhD,5.0,Nagpur,Small,Healthcare,Full-time,No,No,Tier 1,Senior,2808000.0
Business Analyst,PhD,9.4,Jaipur,Small,Tech,Full-time,Yes,No,Tier 3,Junior,2120000.0
Technical Writer,PhD,7.5,Coimbatore,Large,Finance,Intern,No,Yes,Tier 1,Senior,4955000.0
Blockchain Developer,Masters,3.9,Gurgaon,Large,Finance,Intern,No,No,Tier 3,Mid,1275000.0
Blockchain Developer,Masters,9.7,Delhi,Large,Tech,Full-time,Yes,No,Tier 2,Senior,3822000.0
Technical Writer,PhD,5.8,Jaipur,Small,Finance,Contract,Yes,No,Tier 1,Junior,1793000.0
Backend Developer,PhD,6.1,Hyderabad,Large,Tech,Full-time,No,Yes,Tier 3,Mid,2523000.0
Frontend Developer,Masters,2.5,Pune,Medium,Finance,Intern,Yes,Yes,Tier 2,Junior,835000.0
Data Scientist,Masters,3.5,Kolkata,Large,Tech,Contract,No,No,Tier 3,Junior,936000.0
Blockchain Developer,Bachelors,2.9,Kolkata,Medium,Finance,Intern,Yes,Yes,Tier 2,Senior,1492000.0
DevOps Engineer,Bachelors,5.3,Mumbai,Large,Tech,Contract,Yes,No,Tier 2,Junior,1041000.0
Data Scientist,Masters,6.9,Mumbai,Small,Finance,Intern,No,Yes,Tier 3,Junior,1437000.0
DevOps Engineer,PhD,6.1,Hyderabad,Large,Healthcare,Contract,Yes,No,Tier 3,Mid,1634000.0
Mobile Developer,PhD,9.8,Noida,Medium,Finance,Contract,No,Yes,Tier 2,Junior,2556000.0
Software Engineer,PhD,2.3,Mumbai,Medium,Tech,Contract,Yes,No,Tier 2,Senior,1994000.0
Cloud Architect,PhD,5.3,Chennai,Large,Healthcare,Contract,Yes,No,Tier 2,Senior,2342000.0
Machine Learning Engineer,Bachelors,1.2,Coimbatore,Medium,Finance,Intern,Yes,Yes,Tier 1,Senior,1255000.0
Blockchain Developer,Masters,2.2,Pune,Medium,Healthcare,Intern,Yes,No,Tier 2,Junior,587000.0
Cloud Architect,PhD,8.8,Indore,Small,Finance,Contract,Yes,No,Tier 1,Mid,3366000.0
Cloud Architect,Bachelors,3.6,Gurgaon,Large,Healthcare,Contract,No,No,Tier 2,Senior,1307000.0
Cloud Architect,PhD,2.6,Indore,Large,Tech,Intern,Yes,No,Tier 1,Junior,1245000.0
Frontend Developer,Masters,0.0,Hyderabad,Large,Finance,Contract,No,Yes,Tier 2,Senior,958000.0
Data Scientist,Bachelors,2.6,Bangalore,Medium,Finance,Contract,Yes,No,Tier 2,Senior,1287000.0
DevOps Engineer,Masters,4.4,Gurgaon,Large,Tech,Contract,No,Yes,Tier 2,Mid,1805000.0
Security Analyst,Masters,0.9,Gurgaon,Large,Healthcare,Full-time,Yes,Yes,Tier 3,Senior,880000.0
Mobile Developer,Bachelors,4.2,Delhi,Small,Tech,Contract,No,Yes,Tier 3,Mid,1331000.0
QA Engineer,Bachelors,8.8,Hyderabad,Small,Tech,Full-time,No,Yes,Tier 2,Junior,1713000.0
Cloud Architect,Bachelors,2.9,Hyderabad,Small,Healthcare,Contract,Yes,No,Tier 1,Senior,1312000.0
Product Manager,Bachelors,2.2,Kolkata,Medium,Tech,Intern,Yes,No,Tier 1,Junior,771000.0
Data Scientist,Bachelors,1.6,Ahmedabad,Large,Finance,Full-time,Yes,Yes,Tier 2,Junior,582000.0
Blockchain Developer,Bachelors,1.6,Indore,Small,Finance,Full-time,No,No,Tier 3,Junior,506000.0
Business Analyst,Bachelors,6.6,Noida,Small,Finance,Contract,No,Yes,Tier 1,Senior,3020000.0
Blockchain Developer,PhD,5.1,Ahmedabad,Small,Tech,Contract,Yes,No,Tier 3,Mid,1939000.0
Machine Learning Engineer,Masters,7.9,Nagpur,Large,Finance,Full-time,Yes,No,Tier 1,Senior,3554000.0
QA Engineer,Bachelors,11.1,Chennai,Large,Finance,Intern,No,No,Tier 2,Junior,1706000.0
Security Analyst,PhD,0.0,Thiruvananthapuram,Large,Finance,Intern,No,Yes,Tier 3,Mid,762000.0
Product Manager,PhD,6.1,Nagpur,Medium,Finance,Contract,Yes,Yes,Tier 1,Junior,2040000.0
Blockchain Developer,PhD,1.6,Bangalore,Medium,Finance,Intern,No,No,Tier 2,Mid,1169000.0
Security Analyst,Masters,7.4,Gurgaon,Small,Finance,Intern,Yes,Yes,Tier 2,Senior,3156000.0
QA Engineer,Bachelors,4.2,Kolkata,Large,Tech,Contract,Yes,Yes,Tier 2,Mid,1390000.0
Cloud Architect,PhD,5.1,Bangalore,Small,Finance,Intern,Yes,No,Tier 3,Senior,2539000.0
Product Manager,Masters,1.2,Gurgaon,Large,Finance,Contract,No,Yes,Tier 3,Junior,610000.0
Security Analyst,Masters,3.7,Chennai,Large,Healthcare,Full-time,No,No,Tier 2,Mid,1114000.0
Machine Learning Engineer,Masters,5.3,Ahmedabad,Large,Tech,Contract,No,No,Tier 3,Junior,1195000.0
Database Administrator,PhD,9.1,Hyderabad,Medium,Tech,Full-time,No,No,Tier 1,Mid,3964000.0
DevOps Engineer,Bachelors,2.6,Mumbai,Medium,Tech,Full-time,Yes,Yes,Tier 2,Senior,1545000.0
Software Engineer,PhD,3.3,Indore,Large,Tech,Intern,No,No,Tier 2,Mid,1746000.0
DevOps Engineer,PhD,7.8,Mumbai,Small,Finance,Intern,Yes,No,Tier 3,Mid,2370000.0
Database Administrator,Bachelors,2.4,Coimbatore,Large,Finance,Intern,Yes,Yes,Tier 2,Senior,1366000.0
QA Engineer,Bachelors,8.4,Jaipur,Large,Healthcare,Contract,Yes,Yes,Tier 1,Senior,2788000.0
Data Scientist,Bachelors,5.0,Delhi,Small,Healthcare,Intern,No,Yes,Tier 3,Senior,1584000.0
Software Engineer,Masters,5.9,Noida,Large,Tech,Full-time,Yes,Yes,Tier 3,Mid,1875000.0
Mobile Developer,Bachelors,6.1,Chennai,Small,Healthcare,Intern,Yes,No,Tier 2,Junior,856000.0
Database Administrator,PhD,3.2,Delhi,Medium,Healthcare,Intern,No,Yes,Tier 2,Mid,1418000.0
Machine Learning Engineer,Bachelors,6.2,Coimbatore,Medium,Tech,Contract,Yes,Yes,Tier 2,Mid,1777000.0
Mobile Developer,PhD,2.7,Coimbatore,Small,Tech,Contract,No,Yes,Tier 3,Junior,1129000.0
Frontend Developer,Masters,3.5,Noida,Medium,Healthcare,Full-time,No,Yes,Tier 2,Senior,1699000.0
Database Administrator,PhD,6.7,Thiruvananthapuram,Medium,Finance,Contract,No,No,Tier 1,Mid,2913000.0
Product Manager,PhD,5.9,Gurgaon,Small,Healthcare,Intern,Yes,Yes,Tier 2,Junior,1381000.0
Technical Writer,Bachelors,4.8,Delhi,Medium,Healthcare,Contract,No,No,Tier 2,Senior,1544000.0
Software Engineer,Bachelors,1.2,Ahmedabad,Large,Finance,Full-time,No,Yes,Tier 3,Senior,1016000.0
Mobile Developer,PhD,2.0,Noida,Large,Finance,Intern,No,No,Tier 2,Mid,1270000.0
Blockchain Developer,Bachelors,5.8,Coimbatore,Small,Tech,Full-time,No,No,Tier 3,Senior,2112000.0
Mobile Developer,Masters,7.2,Ahmedabad,Medium,Tech,Contract,Yes,Yes,Tier 2,Senior,3377000.0
Security Analyst,Masters,1.7,Hyderabad,Large,Healthcare,Contract,No,No,Tier 1,Junior,660000.0
DevOps Engineer,Bachelors,2.5,Kolkata,Large,Finance,Full-time,Yes,Yes,Tier 1,Junior,822000.0
Security Analyst,Masters,5.4,Ahmedabad,Medium,Tech,Intern,No,No,Tier 3,Senior,2419000.0
Frontend Developer,Bachelors,5.3,Gurgaon,Medium,Healthcare,Contract,Yes,No,Tier 3,Junior,710000.0
Software Engineer,PhD,0.1,Mumbai,Large,Finance,Contract,No,No,Tier 2,Senior,1125000.0
Software Engineer,PhD,5.5,Delhi,Large,Healthcare,Intern,Yes,Yes,Tier 2,Mid,1847000.0
Frontend Developer,Masters,3.2,Gurgaon,Small,Tech,Contract,No,No,Tier 1,Junior,1161000.0
QA Engineer,Bachelors,9.9,Jaipur,Small,Tech,Full-time,Yes,Yes,Tier 2,Senior,3559000.0
Database Administrator,Bachelors,5.7,Indore,Large,Finance,Contract,Yes,No,Tier 1,Senior,2364000.0
Security Analyst,Masters,6.3,Pune,Small,Healthcare,Contract,Yes,No,Tier 3,Junior,954000.0
UI/UX Designer,PhD,6.3,Coimbatore,Large,Finance,Intern,No,No,Tier 2,Junior,1688000.0
Blockchain Developer,Masters,1.4,Indore,Large,Tech,Full-time,Yes,No,Tier 3,Mid,843000.0
Business Analyst,PhD,10.8,Indore,Small,Tech,Intern,Yes,No,Tier 2,Senior,5192000.0
DevOps Engineer,Bachelors,0.1,Noida,Small,Healthcare,Contract,Yes,No,Tier 1,Mid,482000.0
Software Engineer,PhD,7.4,Chennai,Medium,Healthcare,Contract,Yes,Yes,Tier 3,Mid,2054000.0
QA Engineer,Masters,6.9,Jaipur,Medium,Healthcare,Intern,No,Yes,Tier 3,Mid,1647000.0
Technical Writer,Bachelors,3.6,Mumbai,Medium,Finance,Intern,Yes,Yes,Tier 2,Junior,835000.0
Blockchain Developer,Masters,7.0,Ahmedabad,Large,Healthcare,Intern,Yes,No,Tier 3,Mid,1436000.0
Security Analyst,Masters,4.0,Kolkata,Small,Healthcare,Full-time,Yes,Yes,Tier 1,Junior,1027000.0
DevOps Engineer,PhD,3.0,Gurgaon,Large,Tech,Contract,No,No,Tier 3,Junior,1080000.0
Technical Writer,Masters,6.4,Hyderabad,Small,Tech,Intern,Yes,Yes,Tier 3,Mid,1980000.0
Security Analyst,PhD,2.0,Pune,Large,Healthcare,Contract,Yes,Yes,Tier 2,Mid,1086000.0
Mobile Developer,Bachelors,4.3,Bangalore,Medium,Healthcare,Full-time,Yes,No,Tier 3,Senior,1248000.0
Technical Writer,PhD,3.2,Jaipur,Medium,Tech,Full-time,Yes,No,Tier 2,Mid,1633000.0
Frontend Developer,Bachelors,4.0,Indore,Medium,Healthcare,Full-time,No,Yes,Tier 2,Senior,1525000.0
Backend Developer,PhD,6.3,Kolkata,Large,Finance,Full-time,Yes,Yes,Tier 3,Mid,2245000.0
Database Administrator,Masters,3.2,Bangalore,Small,Finance,Contract,Yes,Yes,Tier 1,Mid,1557000.0
QA Engineer,PhD,4.4,Pune,Small,Finance,Full-time,No,Yes,Tier 2,Mid,2068000.0
DevOps Engineer,PhD,3.5,Chennai,Medium,Healthcare,Full-time,No,No,Tier 3,Mid,1228000.0
Cloud Architect,Bachelors,9.3,Chennai,Medium,Tech,Intern,No,Yes,Tier 2,Senior,3572000.0
Backend Developer,Masters,6.0,Delhi,Medium,Healthcare,Full-time,Yes,No,Tier 1,Senior,2401000.0
Database Administrator,PhD,5.7,Nagpur,Medium,Healthcare,Intern,No,No,Tier 1,Mid,2138000.0
Product Manager,Masters,7.1,Pune,Small,Tech,Full-time,Yes,Yes,Tier 2,Mid,2341000.0
Product Manager,PhD,3.2,Pune,Large,Tech,Full-time,No,No,Tier 1,Senior,2902000.0
DevOps Engineer,PhD,7.6,Bangalore,Large,Tech,Intern,Yes,Yes,Tier 3,Junior,1994000.0
Technical Writer,Masters,6.0,Kolkata,Large,Finance,Full-time,No,No,Tier 3,Junior,1188000.0
Security Analyst,PhD,0.3,Gurgaon,Large,Healthcare,Contract,Yes,No,Tier 2,Junior,466000.0
QA Engineer,Masters,0.7,Noida,Medium,Tech,Contract,No,Yes,Tier 1,Senior,1524000.0
Business Analyst,PhD,3.3,Nagpur,Medium,Healthcare,Full-time,Yes,No,Tier 3,Senior,1616000.0
Product Manager,Bachelors,1.0,Bangalore,Medium,Finance,Contract,Yes,No,Tier 3,Junior,418000.0
QA Engineer,Masters,4.3,Hyderabad,Large,Finance,Intern,Yes,Yes,Tier 3,Junior,1007000.0
Product Manager,PhD,2.0,Indore,Medium,Tech,Full-time,Yes,No,Tier 2,Mid,1317000.0
Mobile Developer,PhD,4.7,Chennai,Medium,Tech,Full-time,Yes,No,Tier 2,Senior,2897000.0
Database Administrator,Bachelors,9.2,Indore,Small,Healthcare,Intern,Yes,Yes,Tier 3,Senior,2295000.0
Security Analyst,Masters,4.9,Chennai,Small,Tech,Intern,Yes,Yes,Tier 3,Junior,1189000.0
Mobile Developer,PhD,4.1,Delhi,Medium,Healthcare,Intern,Yes,No,Tier 1,Junior,1184000.0
Blockchain Developer,Bachelors,6.2,Gurgaon,Small,Tech,Full-time,No,No,Tier 1,Senior,2870000.0
Product Manager,PhD,2.9,Hyderabad,Small,Healthcare,Intern,Yes,No,Tier 1,Mid,1377000.0
Cloud Architect,Masters,7.5,Chennai,Medium,Healthcare,Intern,Yes,Yes,Tier 2,Junior,1304000.0
Cloud Architect,PhD,6.5,Bangalore,Medium,Healthcare,Contract,No,No,Tier 3,Senior,2565000.0
Mobile Developer,PhD,5.1,Hyderabad,Medium,Healthcare,Contract,Yes,No,Tier 2,Senior,2285000.0
Frontend Developer,PhD,5.5,Bangalore,Medium,Finance,Full-time,No,No,Tier 3,Mid,1964000.0
Backend Developer,PhD,11.1,Noida,Large,Healthcare,Contract,Yes,No,Tier 1,Mid,3291000.0
Cloud Architect,Bachelors,7.8,Noida,Large,Tech,Contract,No,No,Tier 1,Junior,1685000.0
Product Manager,Bachelors,11.6,Indore,Medium,Finance,Intern,No,No,Tier 1,Junior,2088000.0
DevOps Engineer,Masters,6.6,Chennai,Small,Finance,Intern,Yes,Yes,Tier 1,Junior,1721000.0
Mobile Developer,Bachelors,0.6,Chennai,Medium,Healthcare,Contract,No,Yes,Tier 3,Senior,713000.0
Blockchain Developer,Bachelors,4.2,Kolkata,Medium,Finance,Contract,Yes,No,Tier 1,Junior,978000.0
Business Analyst,Masters,0.0,Noida,Small,Healthcare,Contract,Yes,No,Tier 3,Senior,616000.0
Business Analyst,Bachelors,6.6,Gurgaon,Large,Tech,Full-time,Yes,Yes,Tier 3,Junior,1204000.0
Data Scientist,Bachelors,7.2,Gurgaon,Medium,Healthcare,Full-time,Yes,Yes,Tier 2,Mid,1477000.0
Backend Developer,Masters,2.3,Jaipur,Medium,Finance,Full-time,No,Yes,Tier 1,Mid,1401000.0
Technical Writer,Masters,3.0,Jaipur,Large,Tech,Contract,Yes,No,Tier 1,Senior,2134000.0
Security Analyst,Masters,5.4,Delhi,Large,Healthcare,Contract,No,No,Tier 2,Mid,1397000.0
Cloud Architect,PhD,1.4,Noida,Small,Tech,Full-time,No,No,Tier 3,Senior,1584000.0
Cloud Architect,PhD,1.2,Bangalore,Large,Tech,Full-time,Yes,No,Tier 1,Senior,1867000.0
Technical Writer,Masters,8.7,Bangalore,Large,Finance,Contract,Yes,Yes,Tier 3,Mid,2259000.0
Software Engineer,Masters,5.3,Mumbai,Large,Tech,Intern,Yes,Yes,Tier 2,Senior,2748000.0
Blockchain Developer,Masters,3.3,Hyderabad,Small,Finance,Full-time,Yes,Yes,Tier 3,Mid,1217000.0
UI/UX Designer,PhD,0.0,Ahmedabad,Large,Tech,Contract,No,Yes,Tier 1,Junior,772000.0
Mobile Developer,PhD,7.6,Indore,Large,Healthcare,Contract,Yes,No,Tier 3,Junior,1359000.0
Frontend Developer,Bachelors,2.9,Jaipur,Small,Tech,Intern,No,No,Tier 3,Mid,991000.0
Blockchain Developer,Bachelors,10.6,Indore,Large,Healthcare,Contract,Yes,Yes,Tier 1,Mid,2328000.0
Machine Learning Engineer,Masters,7.6,Chennai,Large,Healthcare,Contract,Yes,Yes,Tier 1,Mid,2177000.0
Cloud Architect,PhD,2.6,Delhi,Small,Tech,Full-time,Yes,Yes,Tier 3,Mid,1475000.0
Security Analyst,PhD,2.9,Gurgaon,Medium,Healthcare,Full-time,Yes,Yes,Tier 3,Junior,832000.0
Data Scientist,PhD,10.2,Ahmedabad,Small,Tech,Intern,No,Yes,Tier 2,Senior,5750000.0
Business Analyst,Masters,4.7,Pune,Large,Tech,Intern,No,No,Tier 1,Senior,2883000.0
Cloud Architect,Bachelors,3.5,Delhi,Large,Healthcare,Contract,Yes,No,Tier 3,Junior,556000.0
Data Scientist,Masters,5.1,Pune,Large,Healthcare,Full-time,No,Yes,Tier 1,Senior,2502000.0
Product Manager,Bachelors,3.4,Coimbatore,Small,Finance,Intern,No,Yes,Tier 2,Junior,852000.0
Blockchain Developer,Bachelors,5.7,Noida,Large,Healthcare,Intern,Yes,Yes,Tier 3,Senior,1636000.0
Product Manager,Masters,4.8,Pune,Large,Finance,Intern,Yes,No,Tier 3,Mid,1369000.0
UI/UX Designer,Bachelors,7.6,Pune,Small,Healthcare,Contract,No,No,Tier 3,Mid,1336000.0
DevOps Engineer,Bachelors,3.8,Indore,Medium,Tech,Full-time,No,No,Tier 1,Mid,1485000.0
Machine Learning Engineer,PhD,2.3,Coimbatore,Medium,Healthcare,Intern,No,Yes,Tier 2,Junior,866000.0
Database Administrator,Bachelors,4.0,Kolkata,Large,Tech,Full-time,No,No,Tier 1,Junior,1092000.0
Blockchain Developer,Masters,3.9,Thiruvananthapuram,Small,Tech,Intern,Yes,Yes,Tier 3,Senior,2077000.0
Software Engineer,Masters,4.8,Kolkata,Large,Tech,Intern,Yes,No,Tier 2,Senior,2347000.0
UI/UX Designer,Bachelors,6.9,Kolkata,Small,Finance,Full-time,No,No,Tier 3,Senior,2178000.0
QA Engineer,PhD,6.7,Noida,Small,Healthcare,Full-time,Yes,No,Tier 3,Junior,1244000.0
Software Engineer,PhD,8.6,Ahmedabad,Medium,Tech,Full-time,No,Yes,Tier 1,Senior,5972000.0
Backend Developer,Bachelors,2.6,Delhi,Medium,Tech,Contract,No,Yes,Tier 3,Mid,1035000.0
Mobile Developer,Bachelors,6.2,Delhi,Small,Finance,Intern,Yes,No,Tier 2,Senior,2115000.0
Security Analyst,Masters,7.2,Nagpur,Large,Healthcare,Contract,No,Yes,Tier 3,Mid,1696000.0
Blockchain Developer,Bachelors,3.0,Chennai,Medium,Healthcare,Full-time,No,Yes,Tier 3,Junior,594000.0
QA Engineer,PhD,4.4,Kolkata,Large,Finance,Intern,Yes,Yes,Tier 1,Mid,2322000.0
QA Engineer,Bachelors,0.0,Noida,Medium,Finance,Contract,Yes,Yes,Tier 2,Mid,531000.0
UI/UX Designer,Masters,7.7,Chennai,Medium,Healthcare,Intern,No,Yes,Tier 1,Mid,2314000.0
Technical Writer,Masters,4.4,Thiruvananthapuram,Large,Finance,Contract,No,Yes,Tier 3,Junior,1074000.0
Backend Developer,Masters,7.4,Hyderabad,Medium,Healthcare,Full-time,Yes,Yes,Tier 1,Junior,1526000.0
DevOps Engineer,Masters,5.6,Chennai,Medium,Healthcare,Contract,No,No,Tier 1,Junior,1207000.0
Blockchain Developer,Masters,4.4,Indore,Large,Tech,Intern,No,Yes,Tier 1,Junior,1524000.0
Technical Writer,Bachelors,0.2,Indore,Medium,Tech,Intern,Yes,Yes,Tier 1,Senior,1043000.0
UI/UX Designer,Bachelors,0.8,Ahmedabad,Medium,Healthcare,Intern,Yes,No,Tier 3,Junior,325000.0
Mobile Developer,Bachelors,0.0,Jaipur,Medium,Healthcare,Intern,Yes,No,Tier 3,Mid,359000.0
Business Analyst,Bachelors,3.3,Pune,Large,Healthcare,Full-time,Yes,No,Tier 2,Junior,593000.0
Cloud Architect,Masters,11.8,Kolkata,Small,Healthcare,Contract,Yes,No,Tier 1,Senior,3948000.0
Cloud Architect,PhD,1.1,Nagpur,Large,Healthcare,Full-time,Yes,Yes,Tier 1,Senior,1504000.0
DevOps Engineer,Bachelors,0.0,Coimbatore,Small,Healthcare,Full-time,No,No,Tier 2,Senior,594000.0
Mobile Developer,PhD,7.9,Nagpur,Medium,Finance,Full-time,No,No,Tier 1,Mid,3273000.0
Frontend Developer,Bachelors,12.1,Jaipur,Small,Healthcare,Intern,Yes,Yes,Tier 2,Junior,1562000.0
DevOps Engineer,Bachelors,5.9,Gurgaon,Large,Finance,Intern,Yes,Yes,Tier 3,Junior,1023000.0
Blockchain Developer,PhD,5.9,Chennai,Large,Finance,Intern,No,Yes,Tier 2,Junior,1777000.0
Blockchain Developer,Masters,4.1,Noida,Medium,Healthcare,Contract,No,No,Tier 1,Mid,1396000.0
Data Scientist,Bachelors,0.0,Thiruvananthapuram,Small,Healthcare,Intern,No,Yes,Tier 2,Mid,457000.0
Technical Writer,Bachelors,0.6,Pune,Medium,Finance,Contract,Yes,No,Tier 3,Senior,752000.0
Frontend Developer,Bachelors,4.0,Delhi,Medium,Finance,Intern,Yes,Yes,Tier 1,Senior,2092000.0
Cloud Architect,PhD,3.5,Bangalore,Large,Healthcare,Intern,No,Yes,Tier 3,Junior,965000.0
QA Engineer,Masters,4.7,Pune,Small,Healthcare,Full-time,Yes,No,Tier 3,Mid,1106000.0
Technical Writer,PhD,7.5,Thiruvananthapuram,Small,Finance,Full-time,Yes,Yes,Tier 2,Mid,2788000.0
Machine Learning Engineer,PhD,3.3,Ahmedabad,Small,Finance,Full-time,Yes,Yes,Tier 3,Junior,1086000.0
Blockchain Developer,Masters,7.5,Gurgaon,Small,Finance,Contract,No,Yes,Tier 1,Junior,1982000.0
Backend Developer,PhD,3.3,Ahmedabad,Medium,Tech,Contract,No,Yes,Tier 3,Senior,2495000.0
Security Analyst,Masters,8.1,Thiruvananthapuram,Medium,Finance,Intern,Yes,Yes,Tier 3,Senior,3062000.0
Mobile Developer,Bachelors,5.3,Indore,Large,Tech,Contract,Yes,No,Tier 2,Senior,2082000.0
Software Engineer,Masters,3.7,Chennai,Medium,Healthcare,Intern,Yes,No,Tier 3,Junior,687000.0
DevOps Engineer,Bachelors,5.2,Hyderabad,Medium,Healthcare,Contract,Yes,Yes,Tier 2,Junior,848000.0
Blockchain Developer,PhD,4.1,Indore,Large,Finance,Contract,Yes,No,Tier 2,Senior,2448000.0
Technical Writer,PhD,5.3,Ahmedabad,Large,Healthcare,Contract,No,No,Tier 1,Senior,2913000.0
Frontend Developer,Bachelors,7.3,Ahmedabad,Large,Healthcare,Full-time,Yes,No,Tier 1,Mid,1603000.0
Security Analyst,PhD,4.7,Noida,Medium,Healthcare,Contract,Yes,Yes,Tier 1,Mid,1977000.0
Backend Developer,Masters,3.9,Chennai,Medium,Healthcare,Full-time,Yes,Yes,Tier 1,Senior,2025000.0
Technical Writer,Bachelors,1.6,Pune,Large,Tech,Full-time,No,Yes,Tier 2,Senior,1336000.0
Software Engineer,PhD,6.7,Hyderabad,Large,Tech,Contract,No,No,Tier 3,Mid,2444000.0
Security Analyst,Bachelors,6.0,Jaipur,Large,Finance,Intern,Yes,No,Tier 1,Senior,2445000.0
Machine Learning Engineer,Masters,1.5,Bangalore,Medium,Finance,Intern,No,Yes,Tier 1,Mid,1189000.0
Software Engineer,Masters,7.5,Kolkata,Medium,Finance,Intern,No,Yes,Tier 1,Mid,2775000.0
UI/UX Designer,PhD,1.4,Delhi,Small,Healthcare,Contract,No,No,Tier 3,Mid,832000.0
Product Manager,Masters,8.1,Ahmedabad,Medium,Healthcare,Intern,No,No,Tier 1,Junior,1558000.0
UI/UX Designer,Bachelors,7.1,Chennai,Medium,Tech,Full-time,No,Yes,Tier 3,Junior,1333000.0
Cloud Architect,Masters,6.3,Kolkata,Medium,Tech,Intern,No,No,Tier 2,Senior,2946000.0
Technical Writer,Bachelors,3.9,Indore,Large,Finance,Contract,Yes,No,Tier 2,Mid,1110000.0
Blockchain Developer,Bachelors,6.7,Delhi,Medium,Tech,Intern,No,No,Tier 2,Junior,1280000.0
Database Administrator,Masters,8.2,Thiruvananthapuram,Large,Tech,Full-time,No,No,Tier 3,Senior,3226000.0
Blockchain Developer,PhD,6.8,Nagpur,Small,Tech,Contract,Yes,No,Tier 1,Senior,4357000.0
Blockchain Developer,Masters,3.0,Delhi,Small,Tech,Intern,Yes,No,Tier 1,Senior,2134000.0
Backend Developer,Bachelors,5.8,Nagpur,Large,Tech,Contract,Yes,No,Tier 1,Senior,2608000.0
Product Manager,Bachelors,8.4,Jaipur,Large,Finance,Contract,Yes,Yes,Tier 1,Senior,3407000.0
Database Administrator,Masters,11.6,Jaipur,Large,Finance,Contract,No,Yes,Tier 1,Mid,3858000.0
UI/UX Designer,PhD,4.4,Indore,Medium,Tech,Intern,No,No,Tier 3,Senior,2664000.0
Product Manager,PhD,7.6,Jaipur,Small,Finance,Contract,No,No,Tier 2,Mid,2693000.0
Business Analyst,Bachelors,8.4,Coimbatore,Large,Healthcare,Intern,No,No,Tier 1,Junior,1334000.0
Technical Writer,Bachelors,2.6,Mumbai,Medium,Tech,Full-time,Yes,Yes,Tier 2,Senior,1545000.0
Product Manager,PhD,10.3,Mumbai,Small,Healthcare,Intern,No,Yes,Tier 3,Junior,1975000.0
QA Engineer,Masters,1.8,Delhi,Medium,Finance,Full-time,No,No,Tier 3,Mid,887000.0
DevOps Engineer,Bachelors,7.4,Jaipur,Small,Finance,Intern,Yes,Yes,Tier 1,Mid,2176000.0
DevOps Engineer,Bachelors,5.9,Noida,Medium,Healthcare,Contract,No,No,Tier 3,Junior,801000.0
QA Engineer,PhD,5.2,Ahmedabad,Small,Finance,Intern,No,No,Tier 2,Senior,2977000.0
Security Analyst,Masters,12.6,Kolkata,Small,Tech,Contract,No,No,Tier 1,Senior,5841000.0
Data Scientist,PhD,4.1,Kolkata,Medium,Healthcare,Full-time,No,No,Tier 1,Junior,1246000.0
Backend Developer,Masters,4.0,Mumbai,Large,Tech,Intern,Yes,No,Tier 2,Junior,1053000.0
Security Analyst,Masters,9.0,Delhi,Small,Healthcare,Contract,Yes,No,Tier 1,Junior,1601000.0
Software Engineer,Masters,7.3,Indore,Large,Finance,Full-time,Yes,No,Tier 1,Senior,3358000.0
Frontend Developer,Bachelors,8.8,Chennai,Medium,Healthcare,Full-time,Yes,Yes,Tier 2,Senior,2442000.0
Backend Developer,PhD,5.4,Pune,Large,Healthcare,Intern,Yes,No,Tier 1,Senior,2801000.0
Backend Developer,PhD,6.0,Pune,Large,Tech,Full-time,No,Yes,Tier 1,Junior,2317000.0
Software Engineer,Masters,10.7,Mumbai,Large,Finance,Contract,No,No,Tier 2,Senior,3978000.0
Product Manager,Bachelors,2.5,Thiruvananthapuram,Large,Tech,Full-time,Yes,No,Tier 3,Mid,878000.0
UI/UX Designer,Bachelors,4.7,Chennai,Large,Finance,Full-time,Yes,Yes,Tier 2,Junior,974000.0
UI/UX Designer,PhD,7.4,Coimbatore,Small,Tech,Contract,Yes,Yes,Tier 1,Senior,5086000.0
DevOps Engineer,Bachelors,4.4,Coimbatore,Small,Healthcare,Full-time,No,No,Tier 2,Junior,733000.0
Database Administrator,Bachelors,3.3,Mumbai,Small,Tech,Full-time,Yes,Yes,Tier 1,Mid,1438000.0
Mobile Developer,Masters,6.9,Pune,Medium,Finance,Full-time,No,No,Tier 1,Mid,2378000.0
Security Analyst,Bachelors,9.0,Thiruvananthapuram,Large,Finance,Full-time,No,No,Tier 2,Junior,1452000.0
Business Analyst,Masters,4.6,Chennai,Small,Healthcare,Contract,No,Yes,Tier 1,Junior,1174000.0
Technical Writer,PhD,4.5,Thiruvananthapuram,Medium,Finance,Full-time,No,Yes,Tier 3,Mid,1906000.0
Cloud Architect,Bachelors,3.1,Jaipur,Small,Tech,Contract,Yes,Yes,Tier 1,Junior,994000.0
Database Administrator,PhD,4.1,Delhi,Small,Healthcare,Full-time,No,Yes,Tier 2,Mid,1624000.0
Database Administrator,PhD,8.3,Indore,Large,Finance,Full-time,No,No,Tier 3,Mid,2610000.0
Machine Learning Engineer,Bachelors,5.2,Kolkata,Medium,Finance,Full-time,Yes,Yes,Tier 3,Senior,1885000.0
UI/UX Designer,Bachelors,2.6,Noida,Large,Tech,Full-time,No,Yes,Tier 1,Junior,961000.0
Technical Writer,PhD,5.8,Hyderabad,Large,Tech,Contract,No,Yes,Tier 2,Junior,1917000.0
Machine Learning Engineer,Bachelors,8.2,Nagpur,Small,Healthcare,Contract,No,Yes,Tier 1,Senior,2883000.0
Technical Writer,Masters,3.3,Nagpur,Large,Finance,Contract,Yes,Yes,Tier 1,Mid,1582000.0
Product Manager,Masters,1.0,Delhi,Medium,Tech,Intern,No,No,Tier 2,Junior,634000.0
Machine Learning Engineer,Bachelors,11.6,Jaipur,Large,Healthcare,Full-time,No,No,Tier 2,Senior,2891000.0
Cloud Architect,PhD,0.9,Gurgaon,Large,Finance,Full-time,Yes,Yes,Tier 1,Senior,1748000.0
Technical Writer,Bachelors,3.9,Pune,Large,Finance,Contract,Yes,Yes,Tier 3,Junior,793000.0
QA Engineer,Bachelors,5.7,Nagpur,Small,Healthcare,Intern,No,No,Tier 1,Senior,2036000.0
Cloud Architect,PhD,4.2,Jaipur,Medium,Healthcare,Full-time,No,Yes,Tier 3,Mid,1497000.0
Machine Learning Engineer,PhD,4.8,Nagpur,Small,Tech,Contract,Yes,No,Tier 1,Senior,3468000.0
Cloud Architect,Masters,6.7,Gurgaon,Small,Finance,Full-time,No,No,Tier 2,Mid,1972000.0
Technical Writer,PhD,0.0,Thiruvananthapuram,Small,Finance,Full-time,Yes,Yes,Tier 3,Mid,724000.0
Data Scientist,Masters,1.2,Mumbai,Small,Finance,Contract,No,No,Tier 2,Junior,610000.0
Technical Writer,PhD,5.1,Chennai,Small,Healthcare,Contract,Yes,Yes,Tier 2,Senior,2514000.0
Technical Writer,Bachelors,3.8,Kolkata,Medium,Tech,Full-time,No,Yes,Tier 2,Mid,1382000.0
Product Manager,Masters,5.4,Ahmedabad,Large,Finance,Full-time,Yes,No,Tier 2,Mid,1622000.0
Security Analyst,Masters,5.7,Mumbai,Small,Healthcare,Contract,Yes,No,Tier 2,Senior,1964000.0
QA Engineer,Masters,0.0,Delhi,Small,Finance,Full-time,Yes,Yes,Tier 1,Mid,753000.0
Database Administrator,Bachelors,8.8,Mumbai,Medium,Tech,Full-time,Yes,No,Tier 3,Senior,2690000.0
Business Analyst,Bachelors,3.5,Delhi,Medium,Finance,Contract,Yes,Yes,Tier 1,Junior,971000.0
